2025-12-08 10:45:36,272 [Worker-2: Loading available Gradle versions] INFO  o.e.b.c.i.u.g.PublishedGradleVersions - Gradle version information cache is not available. Remote download required.
2025-12-08 10:54:07,200 [Worker-9: Importing Maven projects] INFO  o.e.m.c.i.l.LifecycleMappingFactory - Using org.eclipse.m2e.jdt.JarLifecycleMapping lifecycle mapping for MavenProject: com.moonlite:WagheraAgro:0.0.1-SNAPSHOT @ C:\Users\DELL\OneDrive\Desktop\Project\WagheraAgro\pom.xml.
2025-12-08 10:54:16,072 [Worker-9: Importing Maven projects] INFO  o.e.m.c.i.e.AbstractTransferListenerAdapter - Downloading https://repo.maven.apache.org/maven2/com/cloudinary/cloudinary-http44/1.30.0/cloudinary-http44-1.30.0.pom
2025-12-08 10:54:16,149 [Worker-9: Importing Maven projects] INFO  o.e.m.c.i.e.AbstractTransferListenerAdapter - Downloaded https://repo.maven.apache.org/maven2/com/cloudinary/cloudinary-http44/1.30.0/cloudinary-http44-1.30.0.pom
2025-12-08 10:54:16,203 [Worker-9: Importing Maven projects] INFO  o.e.m.c.i.e.AbstractTransferListenerAdapter - Downloading https://repo.maven.apache.org/maven2/com/cloudinary/cloudinary-core/1.30.0/cloudinary-core-1.30.0.pom
2025-12-08 10:54:16,320 [Worker-9: Importing Maven projects] INFO  o.e.m.c.i.e.AbstractTransferListenerAdapter - Downloaded https://repo.maven.apache.org/maven2/com/cloudinary/cloudinary-core/1.30.0/cloudinary-core-1.30.0.pom
2025-12-08 10:54:16,394 [Worker-9: Importing Maven projects] INFO  o.e.m.c.i.e.AbstractTransferListenerAdapter - Downloading https://repo.maven.apache.org/maven2/org/apache/commons/commons-lang3/3.19.0/commons-lang3-3.19.0.pom
2025-12-08 10:54:16,552 [Worker-9: Importing Maven projects] INFO  o.e.m.c.i.e.AbstractTransferListenerAdapter - Downloaded https://repo.maven.apache.org/maven2/org/apache/commons/commons-lang3/3.19.0/commons-lang3-3.19.0.pom
2025-12-08 10:54:16,637 [Worker-9: Importing Maven projects] INFO  o.e.m.c.i.e.AbstractTransferListenerAdapter - Downloading https://repo.maven.apache.org/maven2/org/apache/commons/commons-parent/88/commons-parent-88.pom
2025-12-08 10:54:16,718 [Worker-9: Importing Maven projects] INFO  o.e.m.c.i.e.AbstractTransferListenerAdapter - Downloaded https://repo.maven.apache.org/maven2/org/apache/commons/commons-parent/88/commons-parent-88.pom
2025-12-08 10:54:16,855 [Worker-9: Importing Maven projects] INFO  o.e.m.c.i.e.AbstractTransferListenerAdapter - Downloading https://repo.maven.apache.org/maven2/org/apache/httpcomponents/httpclient/4.4/httpclient-4.4.pom
2025-12-08 10:54:16,931 [Worker-9: Importing Maven projects] INFO  o.e.m.c.i.e.AbstractTransferListenerAdapter - Downloaded https://repo.maven.apache.org/maven2/org/apache/httpcomponents/httpclient/4.4/httpclient-4.4.pom
2025-12-08 10:54:17,083 [Worker-9: Importing Maven projects] INFO  o.e.m.c.i.e.AbstractTransferListenerAdapter - Downloading https://repo.maven.apache.org/maven2/org/apache/httpcomponents/httpcomponents-client/4.4/httpcomponents-client-4.4.pom
2025-12-08 10:54:17,228 [Worker-9: Importing Maven projects] INFO  o.e.m.c.i.e.AbstractTransferListenerAdapter - Downloaded https://repo.maven.apache.org/maven2/org/apache/httpcomponents/httpcomponents-client/4.4/httpcomponents-client-4.4.pom
2025-12-08 10:54:17,318 [Worker-9: Importing Maven projects] INFO  o.e.m.c.i.e.AbstractTransferListenerAdapter - Downloading https://repo.maven.apache.org/maven2/org/apache/httpcomponents/project/7/project-7.pom
2025-12-08 10:54:17,388 [Worker-9: Importing Maven projects] INFO  o.e.m.c.i.e.AbstractTransferListenerAdapter - Downloaded https://repo.maven.apache.org/maven2/org/apache/httpcomponents/project/7/project-7.pom
2025-12-08 10:54:17,481 [Worker-9: Importing Maven projects] INFO  o.e.m.c.i.e.AbstractTransferListenerAdapter - Downloading https://repo.maven.apache.org/maven2/org/apache/httpcomponents/httpcore/4.4.16/httpcore-4.4.16.pom
2025-12-08 10:54:17,582 [Worker-9: Importing Maven projects] INFO  o.e.m.c.i.e.AbstractTransferListenerAdapter - Downloaded https://repo.maven.apache.org/maven2/org/apache/httpcomponents/httpcore/4.4.16/httpcore-4.4.16.pom
2025-12-08 10:54:17,643 [Worker-9: Importing Maven projects] INFO  o.e.m.c.i.e.AbstractTransferListenerAdapter - Downloading https://repo.maven.apache.org/maven2/org/apache/httpcomponents/httpcomponents-core/4.4.16/httpcomponents-core-4.4.16.pom
2025-12-08 10:54:17,772 [Worker-9: Importing Maven projects] INFO  o.e.m.c.i.e.AbstractTransferListenerAdapter - Downloaded https://repo.maven.apache.org/maven2/org/apache/httpcomponents/httpcomponents-core/4.4.16/httpcomponents-core-4.4.16.pom
2025-12-08 10:54:18,065 [Worker-9: Importing Maven projects] INFO  o.e.m.c.i.e.AbstractTransferListenerAdapter - Downloading https://repo.maven.apache.org/maven2/commons-codec/commons-codec/1.19.0/commons-codec-1.19.0.pom
2025-12-08 10:54:18,170 [Worker-9: Importing Maven projects] INFO  o.e.m.c.i.e.AbstractTransferListenerAdapter - Downloaded https://repo.maven.apache.org/maven2/commons-codec/commons-codec/1.19.0/commons-codec-1.19.0.pom
2025-12-08 10:54:18,239 [Worker-9: Importing Maven projects] INFO  o.e.m.c.i.e.AbstractTransferListenerAdapter - Downloading https://repo.maven.apache.org/maven2/org/apache/commons/commons-parent/85/commons-parent-85.pom
2025-12-08 10:54:18,312 [Worker-9: Importing Maven projects] INFO  o.e.m.c.i.e.AbstractTransferListenerAdapter - Downloaded https://repo.maven.apache.org/maven2/org/apache/commons/commons-parent/85/commons-parent-85.pom
2025-12-08 10:54:18,400 [Worker-9: Importing Maven projects] INFO  o.e.m.c.i.e.AbstractTransferListenerAdapter - Downloading https://repo.maven.apache.org/maven2/org/apache/httpcomponents/httpmime/4.4/httpmime-4.4.pom
2025-12-08 10:54:18,463 [Worker-9: Importing Maven projects] INFO  o.e.m.c.i.e.AbstractTransferListenerAdapter - Downloaded https://repo.maven.apache.org/maven2/org/apache/httpcomponents/httpmime/4.4/httpmime-4.4.pom
2025-12-08 10:54:19,464 [Worker-9: Importing Maven projects] INFO  o.e.m.c.i.e.AbstractTransferListenerAdapter - Downloading https://repo.maven.apache.org/maven2/com/itextpdf/itextpdf/5.5.13.2/itextpdf-5.5.13.2.pom
2025-12-08 10:54:19,533 [Worker-9: Importing Maven projects] INFO  o.e.m.c.i.e.AbstractTransferListenerAdapter - Downloaded https://repo.maven.apache.org/maven2/com/itextpdf/itextpdf/5.5.13.2/itextpdf-5.5.13.2.pom
2025-12-08 10:54:19,938 [Worker-9: Importing Maven projects] INFO  o.e.m.c.i.e.AbstractTransferListenerAdapter - Downloading https://repo.maven.apache.org/maven2/io/jsonwebtoken/jjwt-api/0.11.5/jjwt-api-0.11.5.pom
2025-12-08 10:54:19,986 [Worker-9: Importing Maven projects] INFO  o.e.m.c.i.e.AbstractTransferListenerAdapter - Downloaded https://repo.maven.apache.org/maven2/io/jsonwebtoken/jjwt-api/0.11.5/jjwt-api-0.11.5.pom
2025-12-08 10:54:20,034 [Worker-9: Importing Maven projects] INFO  o.e.m.c.i.e.AbstractTransferListenerAdapter - Downloading https://repo.maven.apache.org/maven2/io/jsonwebtoken/jjwt-root/0.11.5/jjwt-root-0.11.5.pom
2025-12-08 10:54:20,120 [Worker-9: Importing Maven projects] INFO  o.e.m.c.i.e.AbstractTransferListenerAdapter - Downloaded https://repo.maven.apache.org/maven2/io/jsonwebtoken/jjwt-root/0.11.5/jjwt-root-0.11.5.pom
2025-12-08 10:54:20,245 [Worker-9: Importing Maven projects] INFO  o.e.m.c.i.e.AbstractTransferListenerAdapter - Downloading https://repo.maven.apache.org/maven2/io/jsonwebtoken/jjwt-impl/0.11.5/jjwt-impl-0.11.5.pom
2025-12-08 10:54:20,331 [Worker-9: Importing Maven projects] INFO  o.e.m.c.i.e.AbstractTransferListenerAdapter - Downloaded https://repo.maven.apache.org/maven2/io/jsonwebtoken/jjwt-impl/0.11.5/jjwt-impl-0.11.5.pom
2025-12-08 10:54:20,414 [Worker-9: Importing Maven projects] INFO  o.e.m.c.i.e.AbstractTransferListenerAdapter - Downloading https://repo.maven.apache.org/maven2/io/jsonwebtoken/jjwt-jackson/0.11.5/jjwt-jackson-0.11.5.pom
2025-12-08 10:54:20,503 [Worker-9: Importing Maven projects] INFO  o.e.m.c.i.e.AbstractTransferListenerAdapter - Downloaded https://repo.maven.apache.org/maven2/io/jsonwebtoken/jjwt-jackson/0.11.5/jjwt-jackson-0.11.5.pom
2025-12-08 10:54:20,559 [Worker-9: Importing Maven projects] INFO  o.e.m.c.i.e.AbstractTransferListenerAdapter - Downloading https://repo.maven.apache.org/maven2/com/fasterxml/jackson/core/jackson-databind/2.20.1/jackson-databind-2.20.1.pom
2025-12-08 10:54:20,635 [Worker-9: Importing Maven projects] INFO  o.e.m.c.i.e.AbstractTransferListenerAdapter - Downloaded https://repo.maven.apache.org/maven2/com/fasterxml/jackson/core/jackson-databind/2.20.1/jackson-databind-2.20.1.pom
2025-12-08 10:54:20,725 [Worker-9: Importing Maven projects] INFO  o.e.m.c.i.e.AbstractTransferListenerAdapter - Downloading https://repo.maven.apache.org/maven2/com/fasterxml/jackson/jackson-base/2.20.1/jackson-base-2.20.1.pom
2025-12-08 10:54:20,795 [Worker-9: Importing Maven projects] INFO  o.e.m.c.i.e.AbstractTransferListenerAdapter - Downloaded https://repo.maven.apache.org/maven2/com/fasterxml/jackson/jackson-base/2.20.1/jackson-base-2.20.1.pom
2025-12-08 10:54:20,875 [Worker-9: Importing Maven projects] INFO  o.e.m.c.i.e.AbstractTransferListenerAdapter - Downloading https://repo.maven.apache.org/maven2/com/fasterxml/jackson/core/jackson-core/2.20.1/jackson-core-2.20.1.pom
2025-12-08 10:54:20,933 [Worker-9: Importing Maven projects] INFO  o.e.m.c.i.e.AbstractTransferListenerAdapter - Downloaded https://repo.maven.apache.org/maven2/com/fasterxml/jackson/core/jackson-core/2.20.1/jackson-core-2.20.1.pom
2025-12-08 10:54:21,009 [Worker-9: Importing Maven projects] INFO  o.e.m.c.i.e.AbstractTransferListenerAdapter - Downloading https://repo.maven.apache.org/maven2/com/itextpdf/kernel/7.2.5/kernel-7.2.5.pom
2025-12-08 10:54:21,063 [Worker-9: Importing Maven projects] INFO  o.e.m.c.i.e.AbstractTransferListenerAdapter - Downloaded https://repo.maven.apache.org/maven2/com/itextpdf/kernel/7.2.5/kernel-7.2.5.pom
2025-12-08 10:54:21,112 [Worker-9: Importing Maven projects] INFO  o.e.m.c.i.e.AbstractTransferListenerAdapter - Downloading https://repo.maven.apache.org/maven2/com/itextpdf/root/7.2.5/root-7.2.5.pom
2025-12-08 10:54:21,183 [Worker-9: Importing Maven projects] INFO  o.e.m.c.i.e.AbstractTransferListenerAdapter - Downloaded https://repo.maven.apache.org/maven2/com/itextpdf/root/7.2.5/root-7.2.5.pom
2025-12-08 10:54:21,266 [Worker-9: Importing Maven projects] INFO  o.e.m.c.i.e.AbstractTransferListenerAdapter - Downloading https://repo.maven.apache.org/maven2/com/itextpdf/io/7.2.5/io-7.2.5.pom
2025-12-08 10:54:21,319 [Worker-9: Importing Maven projects] INFO  o.e.m.c.i.e.AbstractTransferListenerAdapter - Downloaded https://repo.maven.apache.org/maven2/com/itextpdf/io/7.2.5/io-7.2.5.pom
2025-12-08 10:54:21,366 [Worker-9: Importing Maven projects] INFO  o.e.m.c.i.e.AbstractTransferListenerAdapter - Downloading https://repo.maven.apache.org/maven2/com/itextpdf/commons/7.2.5/commons-7.2.5.pom
2025-12-08 10:54:21,414 [Worker-9: Importing Maven projects] INFO  o.e.m.c.i.e.AbstractTransferListenerAdapter - Downloaded https://repo.maven.apache.org/maven2/com/itextpdf/commons/7.2.5/commons-7.2.5.pom
2025-12-08 10:54:21,460 [Worker-9: Importing Maven projects] INFO  o.e.m.c.i.e.AbstractTransferListenerAdapter - Downloading https://repo.maven.apache.org/maven2/org/bouncycastle/bcpkix-jdk15on/1.70/bcpkix-jdk15on-1.70.pom
2025-12-08 10:54:21,510 [Worker-9: Importing Maven projects] INFO  o.e.m.c.i.e.AbstractTransferListenerAdapter - Downloaded https://repo.maven.apache.org/maven2/org/bouncycastle/bcpkix-jdk15on/1.70/bcpkix-jdk15on-1.70.pom
2025-12-08 10:54:21,560 [Worker-9: Importing Maven projects] INFO  o.e.m.c.i.e.AbstractTransferListenerAdapter - Downloading https://repo.maven.apache.org/maven2/org/bouncycastle/bcprov-jdk15on/1.70/bcprov-jdk15on-1.70.pom
2025-12-08 10:54:21,618 [Worker-9: Importing Maven projects] INFO  o.e.m.c.i.e.AbstractTransferListenerAdapter - Downloaded https://repo.maven.apache.org/maven2/org/bouncycastle/bcprov-jdk15on/1.70/bcprov-jdk15on-1.70.pom
2025-12-08 10:54:21,677 [Worker-9: Importing Maven projects] INFO  o.e.m.c.i.e.AbstractTransferListenerAdapter - Downloading https://repo.maven.apache.org/maven2/org/bouncycastle/bcutil-jdk15on/1.70/bcutil-jdk15on-1.70.pom
2025-12-08 10:54:21,737 [Worker-9: Importing Maven projects] INFO  o.e.m.c.i.e.AbstractTransferListenerAdapter - Downloaded https://repo.maven.apache.org/maven2/org/bouncycastle/bcutil-jdk15on/1.70/bcutil-jdk15on-1.70.pom
2025-12-08 10:54:21,787 [Worker-9: Importing Maven projects] INFO  o.e.m.c.i.e.AbstractTransferListenerAdapter - Downloading https://repo.maven.apache.org/maven2/com/itextpdf/layout/7.2.5/layout-7.2.5.pom
2025-12-08 10:54:21,845 [Worker-9: Importing Maven projects] INFO  o.e.m.c.i.e.AbstractTransferListenerAdapter - Downloaded https://repo.maven.apache.org/maven2/com/itextpdf/layout/7.2.5/layout-7.2.5.pom
2025-12-08 10:54:22,130 [Worker-9: Importing Maven projects] INFO  o.e.m.c.i.e.AbstractTransferListenerAdapter - Downloading https://repo.maven.apache.org/maven2/com/itextpdf/html2pdf/4.0.5/html2pdf-4.0.5.pom
2025-12-08 10:54:22,198 [Worker-9: Importing Maven projects] INFO  o.e.m.c.i.e.AbstractTransferListenerAdapter - Downloaded https://repo.maven.apache.org/maven2/com/itextpdf/html2pdf/4.0.5/html2pdf-4.0.5.pom
2025-12-08 10:54:22,248 [Worker-9: Importing Maven projects] INFO  o.e.m.c.i.e.AbstractTransferListenerAdapter - Downloading https://repo.maven.apache.org/maven2/com/itextpdf/forms/7.2.5/forms-7.2.5.pom
2025-12-08 10:54:22,300 [Worker-9: Importing Maven projects] INFO  o.e.m.c.i.e.AbstractTransferListenerAdapter - Downloaded https://repo.maven.apache.org/maven2/com/itextpdf/forms/7.2.5/forms-7.2.5.pom
2025-12-08 10:54:22,346 [Worker-9: Importing Maven projects] INFO  o.e.m.c.i.e.AbstractTransferListenerAdapter - Downloading https://repo.maven.apache.org/maven2/com/itextpdf/svg/7.2.5/svg-7.2.5.pom
2025-12-08 10:54:22,401 [Worker-9: Importing Maven projects] INFO  o.e.m.c.i.e.AbstractTransferListenerAdapter - Downloaded https://repo.maven.apache.org/maven2/com/itextpdf/svg/7.2.5/svg-7.2.5.pom
2025-12-08 10:54:22,448 [Worker-9: Importing Maven projects] INFO  o.e.m.c.i.e.AbstractTransferListenerAdapter - Downloading https://repo.maven.apache.org/maven2/com/itextpdf/styled-xml-parser/7.2.5/styled-xml-parser-7.2.5.pom
2025-12-08 10:54:22,500 [Worker-9: Importing Maven projects] INFO  o.e.m.c.i.e.AbstractTransferListenerAdapter - Downloaded https://repo.maven.apache.org/maven2/com/itextpdf/styled-xml-parser/7.2.5/styled-xml-parser-7.2.5.pom
2025-12-08 10:54:24,810 [Worker-9: Importing Maven projects] WARN  o.e.m.c.i.embedder.EclipseLogger - The POM for com.lock:CRUD_Manualy:jar:0.0.1-SNAPSHOT is missing, no dependency information available
2025-12-08 10:54:25,339 [Worker-9: Importing Maven projects] INFO  o.e.m.c.i.e.AbstractTransferListenerAdapter - Downloading https://repo.maven.apache.org/maven2/com/cloudinary/cloudinary-http44/1.30.0/cloudinary-http44-1.30.0.jar
2025-12-08 10:54:25,723 [Worker-9: Importing Maven projects] INFO  o.e.m.c.i.e.AbstractTransferListenerAdapter - Downloaded https://repo.maven.apache.org/maven2/com/cloudinary/cloudinary-http44/1.30.0/cloudinary-http44-1.30.0.jar
2025-12-08 10:54:25,819 [BasicRepositoryConnector-repo.maven.apache.org-0-4] INFO  o.e.m.c.i.e.AbstractTransferListenerAdapter - Downloading https://repo.maven.apache.org/maven2/commons-codec/commons-codec/1.19.0/commons-codec-1.19.0.jar
2025-12-08 10:54:25,833 [BasicRepositoryConnector-repo.maven.apache.org-0-3] INFO  o.e.m.c.i.e.AbstractTransferListenerAdapter - Downloading https://repo.maven.apache.org/maven2/org/apache/httpcomponents/httpcore/4.4.16/httpcore-4.4.16.jar
2025-12-08 10:54:25,869 [BasicRepositoryConnector-repo.maven.apache.org-0-2] INFO  o.e.m.c.i.e.AbstractTransferListenerAdapter - Downloading https://repo.maven.apache.org/maven2/org/apache/httpcomponents/httpclient/4.4/httpclient-4.4.jar
2025-12-08 10:54:25,876 [BasicRepositoryConnector-repo.maven.apache.org-0-1] INFO  o.e.m.c.i.e.AbstractTransferListenerAdapter - Downloading https://repo.maven.apache.org/maven2/org/apache/commons/commons-lang3/3.19.0/commons-lang3-3.19.0.jar
2025-12-08 10:54:26,016 [BasicRepositoryConnector-repo.maven.apache.org-0-0] INFO  o.e.m.c.i.e.AbstractTransferListenerAdapter - Downloading https://repo.maven.apache.org/maven2/com/cloudinary/cloudinary-core/1.30.0/cloudinary-core-1.30.0.jar
2025-12-08 10:54:26,041 [BasicRepositoryConnector-repo.maven.apache.org-0-3] INFO  o.e.m.c.i.e.AbstractTransferListenerAdapter - Downloaded https://repo.maven.apache.org/maven2/org/apache/httpcomponents/httpcore/4.4.16/httpcore-4.4.16.jar
2025-12-08 10:54:26,052 [BasicRepositoryConnector-repo.maven.apache.org-0-4] INFO  o.e.m.c.i.e.AbstractTransferListenerAdapter - Downloaded https://repo.maven.apache.org/maven2/commons-codec/commons-codec/1.19.0/commons-codec-1.19.0.jar
2025-12-08 10:54:26,064 [BasicRepositoryConnector-repo.maven.apache.org-0-2] INFO  o.e.m.c.i.e.AbstractTransferListenerAdapter - Downloaded https://repo.maven.apache.org/maven2/org/apache/httpcomponents/httpclient/4.4/httpclient-4.4.jar
2025-12-08 10:54:26,076 [BasicRepositoryConnector-repo.maven.apache.org-0-1] INFO  o.e.m.c.i.e.AbstractTransferListenerAdapter - Downloaded https://repo.maven.apache.org/maven2/org/apache/commons/commons-lang3/3.19.0/commons-lang3-3.19.0.jar
2025-12-08 10:54:26,085 [BasicRepositoryConnector-repo.maven.apache.org-0-3] INFO  o.e.m.c.i.e.AbstractTransferListenerAdapter - Downloading https://repo.maven.apache.org/maven2/org/apache/httpcomponents/httpmime/4.4/httpmime-4.4.jar
2025-12-08 10:54:26,094 [BasicRepositoryConnector-repo.maven.apache.org-0-4] INFO  o.e.m.c.i.e.AbstractTransferListenerAdapter - Downloading https://repo.maven.apache.org/maven2/com/itextpdf/itextpdf/5.5.13.2/itextpdf-5.5.13.2.jar
2025-12-08 10:54:26,136 [BasicRepositoryConnector-repo.maven.apache.org-0-2] INFO  o.e.m.c.i.e.AbstractTransferListenerAdapter - Downloading https://repo.maven.apache.org/maven2/io/jsonwebtoken/jjwt-api/0.11.5/jjwt-api-0.11.5.jar
2025-12-08 10:54:26,167 [BasicRepositoryConnector-repo.maven.apache.org-0-1] INFO  o.e.m.c.i.e.AbstractTransferListenerAdapter - Downloading https://repo.maven.apache.org/maven2/io/jsonwebtoken/jjwt-impl/0.11.5/jjwt-impl-0.11.5.jar
2025-12-08 10:54:26,179 [BasicRepositoryConnector-repo.maven.apache.org-0-0] INFO  o.e.m.c.i.e.AbstractTransferListenerAdapter - Downloaded https://repo.maven.apache.org/maven2/com/cloudinary/cloudinary-core/1.30.0/cloudinary-core-1.30.0.jar
2025-12-08 10:54:26,221 [BasicRepositoryConnector-repo.maven.apache.org-0-0] INFO  o.e.m.c.i.e.AbstractTransferListenerAdapter - Downloading https://repo.maven.apache.org/maven2/io/jsonwebtoken/jjwt-jackson/0.11.5/jjwt-jackson-0.11.5.jar
2025-12-08 10:54:26,242 [BasicRepositoryConnector-repo.maven.apache.org-0-2] INFO  o.e.m.c.i.e.AbstractTransferListenerAdapter - Downloaded https://repo.maven.apache.org/maven2/io/jsonwebtoken/jjwt-api/0.11.5/jjwt-api-0.11.5.jar
2025-12-08 10:54:26,274 [BasicRepositoryConnector-repo.maven.apache.org-0-1] INFO  o.e.m.c.i.e.AbstractTransferListenerAdapter - Downloaded https://repo.maven.apache.org/maven2/io/jsonwebtoken/jjwt-impl/0.11.5/jjwt-impl-0.11.5.jar
2025-12-08 10:54:26,283 [BasicRepositoryConnector-repo.maven.apache.org-0-2] INFO  o.e.m.c.i.e.AbstractTransferListenerAdapter - Downloading https://repo.maven.apache.org/maven2/com/fasterxml/jackson/core/jackson-databind/2.20.1/jackson-databind-2.20.1.jar
2025-12-08 10:54:26,434 [BasicRepositoryConnector-repo.maven.apache.org-0-1] INFO  o.e.m.c.i.e.AbstractTransferListenerAdapter - Downloading https://repo.maven.apache.org/maven2/com/fasterxml/jackson/core/jackson-core/2.20.1/jackson-core-2.20.1.jar
2025-12-08 10:54:26,477 [BasicRepositoryConnector-repo.maven.apache.org-0-4] INFO  o.e.m.c.i.e.AbstractTransferListenerAdapter - Downloaded https://repo.maven.apache.org/maven2/com/itextpdf/itextpdf/5.5.13.2/itextpdf-5.5.13.2.jar
2025-12-08 10:54:26,542 [BasicRepositoryConnector-repo.maven.apache.org-0-4] INFO  o.e.m.c.i.e.AbstractTransferListenerAdapter - Downloading https://repo.maven.apache.org/maven2/com/itextpdf/kernel/7.2.5/kernel-7.2.5.jar
2025-12-08 10:54:26,647 [BasicRepositoryConnector-repo.maven.apache.org-0-1] INFO  o.e.m.c.i.e.AbstractTransferListenerAdapter - Downloaded https://repo.maven.apache.org/maven2/com/fasterxml/jackson/core/jackson-core/2.20.1/jackson-core-2.20.1.jar
2025-12-08 10:54:26,711 [BasicRepositoryConnector-repo.maven.apache.org-0-1] INFO  o.e.m.c.i.e.AbstractTransferListenerAdapter - Downloading https://repo.maven.apache.org/maven2/com/itextpdf/io/7.2.5/io-7.2.5.jar
2025-12-08 10:54:26,734 [BasicRepositoryConnector-repo.maven.apache.org-0-4] INFO  o.e.m.c.i.e.AbstractTransferListenerAdapter - Downloaded https://repo.maven.apache.org/maven2/com/itextpdf/kernel/7.2.5/kernel-7.2.5.jar
2025-12-08 10:54:26,780 [BasicRepositoryConnector-repo.maven.apache.org-0-0] INFO  o.e.m.c.i.e.AbstractTransferListenerAdapter - Downloaded https://repo.maven.apache.org/maven2/io/jsonwebtoken/jjwt-jackson/0.11.5/jjwt-jackson-0.11.5.jar
2025-12-08 10:54:26,782 [BasicRepositoryConnector-repo.maven.apache.org-0-4] INFO  o.e.m.c.i.e.AbstractTransferListenerAdapter - Downloading https://repo.maven.apache.org/maven2/com/itextpdf/commons/7.2.5/commons-7.2.5.jar
2025-12-08 10:54:26,786 [BasicRepositoryConnector-repo.maven.apache.org-0-2] INFO  o.e.m.c.i.e.AbstractTransferListenerAdapter - Downloaded https://repo.maven.apache.org/maven2/com/fasterxml/jackson/core/jackson-databind/2.20.1/jackson-databind-2.20.1.jar
2025-12-08 10:54:26,825 [BasicRepositoryConnector-repo.maven.apache.org-0-1] INFO  o.e.m.c.i.e.AbstractTransferListenerAdapter - Downloaded https://repo.maven.apache.org/maven2/com/itextpdf/io/7.2.5/io-7.2.5.jar
2025-12-08 10:54:26,829 [BasicRepositoryConnector-repo.maven.apache.org-0-2] INFO  o.e.m.c.i.e.AbstractTransferListenerAdapter - Downloading https://repo.maven.apache.org/maven2/org/bouncycastle/bcutil-jdk15on/1.70/bcutil-jdk15on-1.70.jar
2025-12-08 10:54:26,852 [BasicRepositoryConnector-repo.maven.apache.org-0-0] INFO  o.e.m.c.i.e.AbstractTransferListenerAdapter - Downloading https://repo.maven.apache.org/maven2/org/bouncycastle/bcpkix-jdk15on/1.70/bcpkix-jdk15on-1.70.jar
2025-12-08 10:54:26,883 [BasicRepositoryConnector-repo.maven.apache.org-0-1] INFO  o.e.m.c.i.e.AbstractTransferListenerAdapter - Downloading https://repo.maven.apache.org/maven2/org/bouncycastle/bcprov-jdk15on/1.70/bcprov-jdk15on-1.70.jar
2025-12-08 10:54:26,898 [BasicRepositoryConnector-repo.maven.apache.org-0-4] INFO  o.e.m.c.i.e.AbstractTransferListenerAdapter - Downloaded https://repo.maven.apache.org/maven2/com/itextpdf/commons/7.2.5/commons-7.2.5.jar
2025-12-08 10:54:26,979 [BasicRepositoryConnector-repo.maven.apache.org-0-4] INFO  o.e.m.c.i.e.AbstractTransferListenerAdapter - Downloading https://repo.maven.apache.org/maven2/com/itextpdf/layout/7.2.5/layout-7.2.5.jar
2025-12-08 10:54:27,039 [BasicRepositoryConnector-repo.maven.apache.org-0-0] INFO  o.e.m.c.i.e.AbstractTransferListenerAdapter - Downloaded https://repo.maven.apache.org/maven2/org/bouncycastle/bcpkix-jdk15on/1.70/bcpkix-jdk15on-1.70.jar
2025-12-08 10:54:27,061 [BasicRepositoryConnector-repo.maven.apache.org-0-2] INFO  o.e.m.c.i.e.AbstractTransferListenerAdapter - Downloaded https://repo.maven.apache.org/maven2/org/bouncycastle/bcutil-jdk15on/1.70/bcutil-jdk15on-1.70.jar
2025-12-08 10:54:27,105 [BasicRepositoryConnector-repo.maven.apache.org-0-4] INFO  o.e.m.c.i.e.AbstractTransferListenerAdapter - Downloaded https://repo.maven.apache.org/maven2/com/itextpdf/layout/7.2.5/layout-7.2.5.jar
2025-12-08 10:54:27,134 [BasicRepositoryConnector-repo.maven.apache.org-0-2] INFO  o.e.m.c.i.e.AbstractTransferListenerAdapter - Downloading https://repo.maven.apache.org/maven2/com/itextpdf/forms/7.2.5/forms-7.2.5.jar
2025-12-08 10:54:27,158 [BasicRepositoryConnector-repo.maven.apache.org-0-0] INFO  o.e.m.c.i.e.AbstractTransferListenerAdapter - Downloading https://repo.maven.apache.org/maven2/com/itextpdf/html2pdf/4.0.5/html2pdf-4.0.5.jar
2025-12-08 10:54:27,180 [BasicRepositoryConnector-repo.maven.apache.org-0-4] INFO  o.e.m.c.i.e.AbstractTransferListenerAdapter - Downloading https://repo.maven.apache.org/maven2/com/itextpdf/svg/7.2.5/svg-7.2.5.jar
2025-12-08 10:54:27,368 [BasicRepositoryConnector-repo.maven.apache.org-0-4] INFO  o.e.m.c.i.e.AbstractTransferListenerAdapter - Downloaded https://repo.maven.apache.org/maven2/com/itextpdf/svg/7.2.5/svg-7.2.5.jar
2025-12-08 10:54:27,368 [BasicRepositoryConnector-repo.maven.apache.org-0-2] INFO  o.e.m.c.i.e.AbstractTransferListenerAdapter - Downloaded https://repo.maven.apache.org/maven2/com/itextpdf/forms/7.2.5/forms-7.2.5.jar
2025-12-08 10:54:27,421 [BasicRepositoryConnector-repo.maven.apache.org-0-4] INFO  o.e.m.c.i.e.AbstractTransferListenerAdapter - Downloading https://repo.maven.apache.org/maven2/com/itextpdf/styled-xml-parser/7.2.5/styled-xml-parser-7.2.5.jar
2025-12-08 10:54:27,438 [BasicRepositoryConnector-repo.maven.apache.org-0-0] INFO  o.e.m.c.i.e.AbstractTransferListenerAdapter - Downloaded https://repo.maven.apache.org/maven2/com/itextpdf/html2pdf/4.0.5/html2pdf-4.0.5.jar
2025-12-08 10:54:27,460 [BasicRepositoryConnector-repo.maven.apache.org-0-1] INFO  o.e.m.c.i.e.AbstractTransferListenerAdapter - Downloaded https://repo.maven.apache.org/maven2/org/bouncycastle/bcprov-jdk15on/1.70/bcprov-jdk15on-1.70.jar
2025-12-08 10:54:27,555 [BasicRepositoryConnector-repo.maven.apache.org-0-4] INFO  o.e.m.c.i.e.AbstractTransferListenerAdapter - Downloaded https://repo.maven.apache.org/maven2/com/itextpdf/styled-xml-parser/7.2.5/styled-xml-parser-7.2.5.jar
2025-12-08 10:54:27,808 [BasicRepositoryConnector-repo.maven.apache.org-0-3] INFO  o.e.m.c.i.e.AbstractTransferListenerAdapter - Downloaded https://repo.maven.apache.org/maven2/org/apache/httpcomponents/httpmime/4.4/httpmime-4.4.jar
2025-12-08 10:54:45,728 [Worker-12: Download sources and javadoc] INFO  o.e.m.c.i.e.AbstractTransferListenerAdapter - Downloading https://repo.maven.apache.org/maven2/com/cloudinary/cloudinary-http44/1.30.0/cloudinary-http44-1.30.0-sources.jar
2025-12-08 10:54:45,933 [Worker-12: Download sources and javadoc] INFO  o.e.m.c.i.e.AbstractTransferListenerAdapter - Downloaded https://repo.maven.apache.org/maven2/com/cloudinary/cloudinary-http44/1.30.0/cloudinary-http44-1.30.0-sources.jar
2025-12-08 10:54:45,943 [Worker-12: Download sources and javadoc] INFO  o.e.m.j.internal.DownloadSourcesJob - Downloaded sources for com.cloudinary:cloudinary-http44:1.30.0
2025-12-08 10:54:46,112 [Worker-12: Download sources and javadoc] INFO  o.e.m.c.i.e.AbstractTransferListenerAdapter - Downloading https://repo.maven.apache.org/maven2/com/cloudinary/cloudinary-core/1.30.0/cloudinary-core-1.30.0-sources.jar
2025-12-08 10:54:46,204 [Worker-12: Download sources and javadoc] INFO  o.e.m.c.i.e.AbstractTransferListenerAdapter - Downloaded https://repo.maven.apache.org/maven2/com/cloudinary/cloudinary-core/1.30.0/cloudinary-core-1.30.0-sources.jar
2025-12-08 10:54:46,215 [Worker-12: Download sources and javadoc] INFO  o.e.m.j.internal.DownloadSourcesJob - Downloaded sources for com.cloudinary:cloudinary-core:1.30.0
2025-12-08 10:54:46,313 [Worker-12: Download sources and javadoc] INFO  o.e.m.c.i.e.AbstractTransferListenerAdapter - Downloading https://repo.maven.apache.org/maven2/org/apache/commons/commons-lang3/3.19.0/commons-lang3-3.19.0-sources.jar
2025-12-08 10:54:46,321 [Worker-9: Importing Maven projects] INFO  o.e.m.j.i.AbstractJavaProjectConfigurator - Adding source folder /WagheraAgro/src/main/java
2025-12-08 10:54:46,329 [Worker-9: Importing Maven projects] INFO  o.e.m.j.i.AbstractJavaProjectConfigurator - Adding resource folder /WagheraAgro/src/main/resources
2025-12-08 10:54:46,332 [Worker-9: Importing Maven projects] INFO  o.e.m.j.i.AbstractJavaProjectConfigurator - Adding resource folder /WagheraAgro/src/main/resources
2025-12-08 10:54:46,334 [Worker-9: Importing Maven projects] INFO  o.e.m.j.i.AbstractJavaProjectConfigurator - Adding source folder /WagheraAgro/src/test/java
2025-12-08 10:54:46,337 [Worker-9: Importing Maven projects] INFO  o.e.m.j.i.AbstractJavaProjectConfigurator - Adding resource folder /WagheraAgro/src/test/resources
2025-12-08 10:54:46,479 [Worker-12: Download sources and javadoc] INFO  o.e.m.c.i.e.AbstractTransferListenerAdapter - Downloaded https://repo.maven.apache.org/maven2/org/apache/commons/commons-lang3/3.19.0/commons-lang3-3.19.0-sources.jar
2025-12-08 10:54:46,488 [Worker-12: Download sources and javadoc] INFO  o.e.m.j.internal.DownloadSourcesJob - Downloaded sources for org.apache.commons:commons-lang3:3.19.0
2025-12-08 10:54:46,602 [Worker-12: Download sources and javadoc] INFO  o.e.m.c.i.e.AbstractTransferListenerAdapter - Downloading https://repo.maven.apache.org/maven2/org/apache/httpcomponents/httpclient/4.4/httpclient-4.4-sources.jar
2025-12-08 10:54:46,765 [Worker-12: Download sources and javadoc] INFO  o.e.m.c.i.e.AbstractTransferListenerAdapter - Downloaded https://repo.maven.apache.org/maven2/org/apache/httpcomponents/httpclient/4.4/httpclient-4.4-sources.jar
2025-12-08 10:54:46,772 [Worker-12: Download sources and javadoc] INFO  o.e.m.j.internal.DownloadSourcesJob - Downloaded sources for org.apache.httpcomponents:httpclient:4.4
2025-12-08 10:54:46,895 [Worker-12: Download sources and javadoc] INFO  o.e.m.c.i.e.AbstractTransferListenerAdapter - Downloading https://repo.maven.apache.org/maven2/org/apache/httpcomponents/httpcore/4.4.16/httpcore-4.4.16-javadoc.jar
2025-12-08 10:54:47,061 [Worker-12: Download sources and javadoc] INFO  o.e.m.c.i.e.AbstractTransferListenerAdapter - Downloaded https://repo.maven.apache.org/maven2/org/apache/httpcomponents/httpcore/4.4.16/httpcore-4.4.16-javadoc.jar
2025-12-08 10:54:47,070 [Worker-12: Download sources and javadoc] INFO  o.e.m.j.internal.DownloadSourcesJob - Downloaded javadoc for org.apache.httpcomponents:httpcore:4.4.16
2025-12-08 10:54:47,185 [Worker-12: Download sources and javadoc] INFO  o.e.m.c.i.e.AbstractTransferListenerAdapter - Downloading https://repo.maven.apache.org/maven2/commons-codec/commons-codec/1.19.0/commons-codec-1.19.0-sources.jar
2025-12-08 10:54:47,299 [Worker-12: Download sources and javadoc] INFO  o.e.m.c.i.e.AbstractTransferListenerAdapter - Downloaded https://repo.maven.apache.org/maven2/commons-codec/commons-codec/1.19.0/commons-codec-1.19.0-sources.jar
2025-12-08 10:54:47,307 [Worker-12: Download sources and javadoc] INFO  o.e.m.j.internal.DownloadSourcesJob - Downloaded sources for commons-codec:commons-codec:1.19.0
2025-12-08 10:54:47,405 [Worker-12: Download sources and javadoc] INFO  o.e.m.c.i.e.AbstractTransferListenerAdapter - Downloading https://repo.maven.apache.org/maven2/org/apache/httpcomponents/httpmime/4.4/httpmime-4.4-sources.jar
2025-12-08 10:54:47,611 [Worker-9: Importing Maven projects] WARN  o.apache.maven.project.MavenProject - Direct modification of compileSourceRoots through clear() is deprecated and will not work in Maven 4.0.0. Please use the add/remove methods instead. If you're using a plugin that causes this warning, please upgrade to the latest version and report an issue if the warning persists. To disable these warnings, set -Dmaven.project.sourceRoots.warningsDisabled=true on the command line, in the .mvn/maven.config file, or in project POM properties.
2025-12-08 10:54:47,613 [Worker-9: Importing Maven projects] WARN  o.apache.maven.project.MavenProject - Direct modification of compileSourceRoots through add() is deprecated and will not work in Maven 4.0.0. Please use the add/remove methods instead. If you're using a plugin that causes this warning, please upgrade to the latest version and report an issue if the warning persists. To disable these warnings, set -Dmaven.project.sourceRoots.warningsDisabled=true on the command line, in the .mvn/maven.config file, or in project POM properties.
2025-12-08 10:54:47,615 [Worker-9: Importing Maven projects] WARN  o.apache.maven.project.MavenProject - Direct modification of testCompileSourceRoots through clear() is deprecated and will not work in Maven 4.0.0. Please use the add/remove methods instead. If you're using a plugin that causes this warning, please upgrade to the latest version and report an issue if the warning persists. To disable these warnings, set -Dmaven.project.sourceRoots.warningsDisabled=true on the command line, in the .mvn/maven.config file, or in project POM properties.
2025-12-08 10:54:47,617 [Worker-9: Importing Maven projects] WARN  o.apache.maven.project.MavenProject - Direct modification of testCompileSourceRoots through add() is deprecated and will not work in Maven 4.0.0. Please use the add/remove methods instead. If you're using a plugin that causes this warning, please upgrade to the latest version and report an issue if the warning persists. To disable these warnings, set -Dmaven.project.sourceRoots.warningsDisabled=true on the command line, in the .mvn/maven.config file, or in project POM properties.
2025-12-08 10:54:47,672 [Worker-9: Importing Maven projects] INFO  o.e.m.c.i.p.ProjectConfigurationManager - Imported and configured 1 project(s) in 55 sec
2025-12-08 10:54:48,978 [Worker-12: Download sources and javadoc] INFO  o.e.m.c.i.e.AbstractTransferListenerAdapter - Downloaded https://repo.maven.apache.org/maven2/org/apache/httpcomponents/httpmime/4.4/httpmime-4.4-sources.jar
2025-12-08 10:54:48,987 [Worker-12: Download sources and javadoc] INFO  o.e.m.j.internal.DownloadSourcesJob - Downloaded sources for org.apache.httpcomponents:httpmime:4.4
2025-12-08 10:54:49,152 [Worker-12: Download sources and javadoc] INFO  o.e.m.c.i.e.AbstractTransferListenerAdapter - Downloading https://repo.maven.apache.org/maven2/com/itextpdf/itextpdf/5.5.13.2/itextpdf-5.5.13.2-sources.jar
2025-12-08 10:54:49,603 [Worker-12: Download sources and javadoc] INFO  o.e.m.c.i.e.AbstractTransferListenerAdapter - Downloaded https://repo.maven.apache.org/maven2/com/itextpdf/itextpdf/5.5.13.2/itextpdf-5.5.13.2-sources.jar
2025-12-08 10:54:49,612 [Worker-12: Download sources and javadoc] INFO  o.e.m.j.internal.DownloadSourcesJob - Downloaded sources for com.itextpdf:itextpdf:5.5.13.2
2025-12-08 10:54:49,733 [Worker-12: Download sources and javadoc] INFO  o.e.m.c.i.e.AbstractTransferListenerAdapter - Downloading https://repo.maven.apache.org/maven2/io/jsonwebtoken/jjwt-api/0.11.5/jjwt-api-0.11.5-sources.jar
2025-12-08 10:54:49,850 [Worker-12: Download sources and javadoc] INFO  o.e.m.c.i.e.AbstractTransferListenerAdapter - Downloaded https://repo.maven.apache.org/maven2/io/jsonwebtoken/jjwt-api/0.11.5/jjwt-api-0.11.5-sources.jar
2025-12-08 10:54:49,860 [Worker-12: Download sources and javadoc] INFO  o.e.m.j.internal.DownloadSourcesJob - Downloaded sources for io.jsonwebtoken:jjwt-api:0.11.5
2025-12-08 10:54:49,947 [Worker-12: Download sources and javadoc] INFO  o.e.m.c.i.e.AbstractTransferListenerAdapter - Downloading https://repo.maven.apache.org/maven2/io/jsonwebtoken/jjwt-impl/0.11.5/jjwt-impl-0.11.5-sources.jar
2025-12-08 10:54:50,022 [Worker-12: Download sources and javadoc] INFO  o.e.m.c.i.e.AbstractTransferListenerAdapter - Downloaded https://repo.maven.apache.org/maven2/io/jsonwebtoken/jjwt-impl/0.11.5/jjwt-impl-0.11.5-sources.jar
2025-12-08 10:54:50,030 [Worker-12: Download sources and javadoc] INFO  o.e.m.j.internal.DownloadSourcesJob - Downloaded sources for io.jsonwebtoken:jjwt-impl:0.11.5
2025-12-08 10:54:50,119 [Worker-12: Download sources and javadoc] INFO  o.e.m.c.i.e.AbstractTransferListenerAdapter - Downloading https://repo.maven.apache.org/maven2/io/jsonwebtoken/jjwt-jackson/0.11.5/jjwt-jackson-0.11.5-sources.jar
2025-12-08 10:54:50,313 [Worker-12: Download sources and javadoc] INFO  o.e.m.c.i.e.AbstractTransferListenerAdapter - Downloaded https://repo.maven.apache.org/maven2/io/jsonwebtoken/jjwt-jackson/0.11.5/jjwt-jackson-0.11.5-sources.jar
2025-12-08 10:54:50,321 [Worker-12: Download sources and javadoc] INFO  o.e.m.j.internal.DownloadSourcesJob - Downloaded sources for io.jsonwebtoken:jjwt-jackson:0.11.5
2025-12-08 10:54:50,435 [Worker-12: Download sources and javadoc] INFO  o.e.m.c.i.e.AbstractTransferListenerAdapter - Downloading https://repo.maven.apache.org/maven2/com/fasterxml/jackson/core/jackson-databind/2.20.1/jackson-databind-2.20.1-sources.jar
2025-12-08 10:54:50,582 [Worker-12: Download sources and javadoc] INFO  o.e.m.c.i.e.AbstractTransferListenerAdapter - Downloaded https://repo.maven.apache.org/maven2/com/fasterxml/jackson/core/jackson-databind/2.20.1/jackson-databind-2.20.1-sources.jar
2025-12-08 10:54:50,590 [Worker-12: Download sources and javadoc] INFO  o.e.m.j.internal.DownloadSourcesJob - Downloaded sources for com.fasterxml.jackson.core:jackson-databind:2.20.1
2025-12-08 10:54:50,697 [Worker-12: Download sources and javadoc] INFO  o.e.m.c.i.e.AbstractTransferListenerAdapter - Downloading https://repo.maven.apache.org/maven2/com/fasterxml/jackson/core/jackson-core/2.20.1/jackson-core-2.20.1-sources.jar
2025-12-08 10:54:50,821 [Worker-12: Download sources and javadoc] INFO  o.e.m.c.i.e.AbstractTransferListenerAdapter - Downloaded https://repo.maven.apache.org/maven2/com/fasterxml/jackson/core/jackson-core/2.20.1/jackson-core-2.20.1-sources.jar
2025-12-08 10:54:50,831 [Worker-12: Download sources and javadoc] INFO  o.e.m.j.internal.DownloadSourcesJob - Downloaded sources for com.fasterxml.jackson.core:jackson-core:2.20.1
2025-12-08 10:54:50,973 [Worker-12: Download sources and javadoc] INFO  o.e.m.c.i.e.AbstractTransferListenerAdapter - Downloading https://repo.maven.apache.org/maven2/com/itextpdf/kernel/7.2.5/kernel-7.2.5-sources.jar
2025-12-08 10:54:51,166 [Worker-12: Download sources and javadoc] INFO  o.e.m.c.i.e.AbstractTransferListenerAdapter - Downloaded https://repo.maven.apache.org/maven2/com/itextpdf/kernel/7.2.5/kernel-7.2.5-sources.jar
2025-12-08 10:54:51,175 [Worker-12: Download sources and javadoc] INFO  o.e.m.j.internal.DownloadSourcesJob - Downloaded sources for com.itextpdf:kernel:7.2.5
2025-12-08 10:54:51,266 [Worker-12: Download sources and javadoc] INFO  o.e.m.c.i.e.AbstractTransferListenerAdapter - Downloading https://repo.maven.apache.org/maven2/com/itextpdf/io/7.2.5/io-7.2.5-sources.jar
2025-12-08 10:54:51,412 [Worker-12: Download sources and javadoc] INFO  o.e.m.c.i.e.AbstractTransferListenerAdapter - Downloaded https://repo.maven.apache.org/maven2/com/itextpdf/io/7.2.5/io-7.2.5-sources.jar
2025-12-08 10:54:51,420 [Worker-12: Download sources and javadoc] INFO  o.e.m.j.internal.DownloadSourcesJob - Downloaded sources for com.itextpdf:io:7.2.5
2025-12-08 10:54:51,518 [Worker-12: Download sources and javadoc] INFO  o.e.m.c.i.e.AbstractTransferListenerAdapter - Downloading https://repo.maven.apache.org/maven2/com/itextpdf/commons/7.2.5/commons-7.2.5-sources.jar
2025-12-08 10:54:51,600 [Worker-12: Download sources and javadoc] INFO  o.e.m.c.i.e.AbstractTransferListenerAdapter - Downloaded https://repo.maven.apache.org/maven2/com/itextpdf/commons/7.2.5/commons-7.2.5-sources.jar
2025-12-08 10:54:51,608 [Worker-12: Download sources and javadoc] INFO  o.e.m.j.internal.DownloadSourcesJob - Downloaded sources for com.itextpdf:commons:7.2.5
2025-12-08 10:54:51,703 [Worker-12: Download sources and javadoc] INFO  o.e.m.c.i.e.AbstractTransferListenerAdapter - Downloading https://repo.maven.apache.org/maven2/org/bouncycastle/bcpkix-jdk15on/1.70/bcpkix-jdk15on-1.70-sources.jar
2025-12-08 10:54:51,887 [Worker-12: Download sources and javadoc] INFO  o.e.m.c.i.e.AbstractTransferListenerAdapter - Downloaded https://repo.maven.apache.org/maven2/org/bouncycastle/bcpkix-jdk15on/1.70/bcpkix-jdk15on-1.70-sources.jar
2025-12-08 10:54:51,896 [Worker-12: Download sources and javadoc] INFO  o.e.m.j.internal.DownloadSourcesJob - Downloaded sources for org.bouncycastle:bcpkix-jdk15on:1.70
2025-12-08 10:54:52,078 [Worker-12: Download sources and javadoc] INFO  o.e.m.c.i.e.AbstractTransferListenerAdapter - Downloading https://repo.maven.apache.org/maven2/org/bouncycastle/bcutil-jdk15on/1.70/bcutil-jdk15on-1.70-sources.jar
2025-12-08 10:54:52,223 [Worker-12: Download sources and javadoc] INFO  o.e.m.c.i.e.AbstractTransferListenerAdapter - Downloaded https://repo.maven.apache.org/maven2/org/bouncycastle/bcutil-jdk15on/1.70/bcutil-jdk15on-1.70-sources.jar
2025-12-08 10:54:52,230 [Worker-12: Download sources and javadoc] INFO  o.e.m.j.internal.DownloadSourcesJob - Downloaded sources for org.bouncycastle:bcutil-jdk15on:1.70
2025-12-08 10:54:52,327 [Worker-12: Download sources and javadoc] INFO  o.e.m.c.i.e.AbstractTransferListenerAdapter - Downloading https://repo.maven.apache.org/maven2/org/bouncycastle/bcprov-jdk15on/1.70/bcprov-jdk15on-1.70-sources.jar
2025-12-08 10:54:52,714 [Worker-12: Download sources and javadoc] INFO  o.e.m.c.i.e.AbstractTransferListenerAdapter - Downloaded https://repo.maven.apache.org/maven2/org/bouncycastle/bcprov-jdk15on/1.70/bcprov-jdk15on-1.70-sources.jar
2025-12-08 10:54:52,722 [Worker-12: Download sources and javadoc] INFO  o.e.m.j.internal.DownloadSourcesJob - Downloaded sources for org.bouncycastle:bcprov-jdk15on:1.70
2025-12-08 10:54:52,839 [Worker-12: Download sources and javadoc] INFO  o.e.m.c.i.e.AbstractTransferListenerAdapter - Downloading https://repo.maven.apache.org/maven2/com/itextpdf/layout/7.2.5/layout-7.2.5-sources.jar
2025-12-08 10:54:53,006 [Worker-12: Download sources and javadoc] INFO  o.e.m.c.i.e.AbstractTransferListenerAdapter - Downloaded https://repo.maven.apache.org/maven2/com/itextpdf/layout/7.2.5/layout-7.2.5-sources.jar
2025-12-08 10:54:53,017 [Worker-12: Download sources and javadoc] INFO  o.e.m.j.internal.DownloadSourcesJob - Downloaded sources for com.itextpdf:layout:7.2.5
2025-12-08 10:54:53,126 [Worker-12: Download sources and javadoc] INFO  o.e.m.c.i.e.AbstractTransferListenerAdapter - Downloading https://repo.maven.apache.org/maven2/com/itextpdf/html2pdf/4.0.5/html2pdf-4.0.5-sources.jar
2025-12-08 10:54:53,290 [Worker-12: Download sources and javadoc] INFO  o.e.m.c.i.e.AbstractTransferListenerAdapter - Downloaded https://repo.maven.apache.org/maven2/com/itextpdf/html2pdf/4.0.5/html2pdf-4.0.5-sources.jar
2025-12-08 10:54:53,311 [Worker-12: Download sources and javadoc] INFO  o.e.m.j.internal.DownloadSourcesJob - Downloaded sources for com.itextpdf:html2pdf:4.0.5
2025-12-08 10:54:53,465 [Worker-12: Download sources and javadoc] INFO  o.e.m.c.i.e.AbstractTransferListenerAdapter - Downloading https://repo.maven.apache.org/maven2/com/itextpdf/forms/7.2.5/forms-7.2.5-sources.jar
2025-12-08 10:54:53,566 [Worker-12: Download sources and javadoc] INFO  o.e.m.c.i.e.AbstractTransferListenerAdapter - Downloaded https://repo.maven.apache.org/maven2/com/itextpdf/forms/7.2.5/forms-7.2.5-sources.jar
2025-12-08 10:54:53,576 [Worker-12: Download sources and javadoc] INFO  o.e.m.j.internal.DownloadSourcesJob - Downloaded sources for com.itextpdf:forms:7.2.5
2025-12-08 10:54:53,676 [Worker-12: Download sources and javadoc] INFO  o.e.m.c.i.e.AbstractTransferListenerAdapter - Downloading https://repo.maven.apache.org/maven2/com/itextpdf/svg/7.2.5/svg-7.2.5-sources.jar
2025-12-08 10:54:53,772 [Worker-12: Download sources and javadoc] INFO  o.e.m.c.i.e.AbstractTransferListenerAdapter - Downloaded https://repo.maven.apache.org/maven2/com/itextpdf/svg/7.2.5/svg-7.2.5-sources.jar
2025-12-08 10:54:53,780 [Worker-12: Download sources and javadoc] INFO  o.e.m.j.internal.DownloadSourcesJob - Downloaded sources for com.itextpdf:svg:7.2.5
2025-12-08 10:54:53,889 [Worker-12: Download sources and javadoc] INFO  o.e.m.c.i.e.AbstractTransferListenerAdapter - Downloading https://repo.maven.apache.org/maven2/com/itextpdf/styled-xml-parser/7.2.5/styled-xml-parser-7.2.5-sources.jar
2025-12-08 10:54:53,958 [Worker-13: Building] INFO  o.a.m.s.f.DefaultMavenResourcesFiltering - Copying 1 resource from src\main\resources to target\classes
2025-12-08 10:54:54,004 [Worker-13: Building] INFO  o.a.m.s.f.DefaultMavenResourcesFiltering - Copying 1 resource from src\main\resources to target\classes
2025-12-08 10:54:54,013 [Worker-12: Download sources and javadoc] INFO  o.e.m.c.i.e.AbstractTransferListenerAdapter - Downloaded https://repo.maven.apache.org/maven2/com/itextpdf/styled-xml-parser/7.2.5/styled-xml-parser-7.2.5-sources.jar
2025-12-08 10:54:54,019 [Worker-13: Building] INFO  o.a.m.s.f.DefaultMavenResourcesFiltering - skip non existing resourceDirectory C:\Users\DELL\OneDrive\Desktop\Project\WagheraAgro\src\test\resources
2025-12-08 10:54:54,021 [Worker-12: Download sources and javadoc] INFO  o.e.m.j.internal.DownloadSourcesJob - Downloaded sources for com.itextpdf:styled-xml-parser:7.2.5
2025-12-08 10:54:54,062 [Worker-12: Download sources and javadoc] ERROR o.e.m.j.internal.DownloadSourcesJob - Could not download sources for com.lock:CRUD_Manualy:0.0.1-SNAPSHOT
org.eclipse.core.runtime.CoreException: Could not resolve artifact com.lock:CRUD_Manualy:jar:sources:0.0.1-SNAPSHOT
	at org.eclipse.m2e.core.internal.embedder.MavenImpl.lambda$7(MavenImpl.java:540)
	at org.eclipse.m2e.core.internal.embedder.MavenExecutionContext.executeBare(MavenExecutionContext.java:458)
	at org.eclipse.m2e.core.internal.embedder.MavenExecutionContext.execute(MavenExecutionContext.java:292)
	at org.eclipse.m2e.core.internal.embedder.MavenExecutionContext.execute(MavenExecutionContext.java:278)
	at org.eclipse.m2e.core.internal.embedder.MavenImpl.resolve(MavenImpl.java:509)
	at org.eclipse.m2e.core.internal.embedder.MavenImpl.resolve(MavenImpl.java:494)
	at org.eclipse.m2e.jdt.internal.DownloadSourcesJob.download(DownloadSourcesJob.java:308)
	at org.eclipse.m2e.jdt.internal.DownloadSourcesJob.downloadAttachments(DownloadSourcesJob.java:282)
	at org.eclipse.m2e.jdt.internal.DownloadSourcesJob.downloadMaven(DownloadSourcesJob.java:252)
	at org.eclipse.m2e.jdt.internal.DownloadSourcesJob.downloadFilesAndPopulateToUpdate(DownloadSourcesJob.java:220)
	at org.eclipse.m2e.jdt.internal.DownloadSourcesJob.lambda$0(DownloadSourcesJob.java:149)
	at org.eclipse.m2e.core.internal.embedder.MavenExecutionContext.executeBare(MavenExecutionContext.java:458)
	at org.eclipse.m2e.core.internal.embedder.MavenExecutionContext.execute(MavenExecutionContext.java:339)
	at org.eclipse.m2e.core.internal.embedder.MavenExecutionContext.execute(MavenExecutionContext.java:278)
	at org.eclipse.m2e.core.embedder.IMaven.execute(IMaven.java:300)
	at org.eclipse.m2e.jdt.internal.DownloadSourcesJob.run(DownloadSourcesJob.java:149)
	at org.eclipse.core.internal.jobs.Worker.run(Worker.java:63)
2025-12-08 10:54:57,745 [Worker-13: Building] WARN  o.apache.maven.project.MavenProject - Direct modification of compileSourceRoots through clear() is deprecated and will not work in Maven 4.0.0. Please use the add/remove methods instead. If you're using a plugin that causes this warning, please upgrade to the latest version and report an issue if the warning persists. To disable these warnings, set -Dmaven.project.sourceRoots.warningsDisabled=true on the command line, in the .mvn/maven.config file, or in project POM properties.
2025-12-08 10:54:57,746 [Worker-13: Building] WARN  o.apache.maven.project.MavenProject - Direct modification of compileSourceRoots through add() is deprecated and will not work in Maven 4.0.0. Please use the add/remove methods instead. If you're using a plugin that causes this warning, please upgrade to the latest version and report an issue if the warning persists. To disable these warnings, set -Dmaven.project.sourceRoots.warningsDisabled=true on the command line, in the .mvn/maven.config file, or in project POM properties.
2025-12-08 10:54:57,748 [Worker-13: Building] WARN  o.apache.maven.project.MavenProject - Direct modification of testCompileSourceRoots through clear() is deprecated and will not work in Maven 4.0.0. Please use the add/remove methods instead. If you're using a plugin that causes this warning, please upgrade to the latest version and report an issue if the warning persists. To disable these warnings, set -Dmaven.project.sourceRoots.warningsDisabled=true on the command line, in the .mvn/maven.config file, or in project POM properties.
2025-12-08 10:54:57,749 [Worker-13: Building] WARN  o.apache.maven.project.MavenProject - Direct modification of testCompileSourceRoots through add() is deprecated and will not work in Maven 4.0.0. Please use the add/remove methods instead. If you're using a plugin that causes this warning, please upgrade to the latest version and report an issue if the warning persists. To disable these warnings, set -Dmaven.project.sourceRoots.warningsDisabled=true on the command line, in the .mvn/maven.config file, or in project POM properties.
2025-12-08 10:55:32,389 [Worker-9: Building] INFO  o.e.m.c.i.l.LifecycleMappingFactory - Using org.eclipse.m2e.jdt.JarLifecycleMapping lifecycle mapping for MavenProject: com.moonlite:WagheraAgro:0.0.1-SNAPSHOT @ C:\Users\DELL\OneDrive\Desktop\Project\WagheraAgro\pom.xml.
2025-12-08 10:55:35,719 [Worker-9: Building] INFO  o.a.m.s.f.DefaultMavenResourcesFiltering - Copying 0 resource from src\main\resources to target\classes
2025-12-08 10:55:35,725 [Worker-9: Building] INFO  o.a.m.s.f.DefaultMavenResourcesFiltering - Copying 0 resource from src\main\resources to target\classes
2025-12-08 10:55:35,740 [Worker-9: Building] INFO  o.a.m.s.f.DefaultMavenResourcesFiltering - skip non existing resourceDirectory C:\Users\DELL\OneDrive\Desktop\Project\WagheraAgro\src\test\resources
2025-12-08 10:55:35,815 [Worker-9: Building] WARN  o.apache.maven.project.MavenProject - Direct modification of compileSourceRoots through clear() is deprecated and will not work in Maven 4.0.0. Please use the add/remove methods instead. If you're using a plugin that causes this warning, please upgrade to the latest version and report an issue if the warning persists. To disable these warnings, set -Dmaven.project.sourceRoots.warningsDisabled=true on the command line, in the .mvn/maven.config file, or in project POM properties.
2025-12-08 10:55:35,817 [Worker-9: Building] WARN  o.apache.maven.project.MavenProject - Direct modification of compileSourceRoots through add() is deprecated and will not work in Maven 4.0.0. Please use the add/remove methods instead. If you're using a plugin that causes this warning, please upgrade to the latest version and report an issue if the warning persists. To disable these warnings, set -Dmaven.project.sourceRoots.warningsDisabled=true on the command line, in the .mvn/maven.config file, or in project POM properties.
2025-12-08 10:55:35,818 [Worker-9: Building] WARN  o.apache.maven.project.MavenProject - Direct modification of testCompileSourceRoots through clear() is deprecated and will not work in Maven 4.0.0. Please use the add/remove methods instead. If you're using a plugin that causes this warning, please upgrade to the latest version and report an issue if the warning persists. To disable these warnings, set -Dmaven.project.sourceRoots.warningsDisabled=true on the command line, in the .mvn/maven.config file, or in project POM properties.
2025-12-08 10:55:35,822 [Worker-9: Building] WARN  o.apache.maven.project.MavenProject - Direct modification of testCompileSourceRoots through add() is deprecated and will not work in Maven 4.0.0. Please use the add/remove methods instead. If you're using a plugin that causes this warning, please upgrade to the latest version and report an issue if the warning persists. To disable these warnings, set -Dmaven.project.sourceRoots.warningsDisabled=true on the command line, in the .mvn/maven.config file, or in project POM properties.
2025-12-08 10:55:41,266 [Worker-13: Building] INFO  o.e.m.c.i.l.LifecycleMappingFactory - Using org.eclipse.m2e.jdt.JarLifecycleMapping lifecycle mapping for MavenProject: com.moonlite:WagheraAgro:0.0.1-SNAPSHOT @ C:\Users\DELL\OneDrive\Desktop\Project\WagheraAgro\pom.xml.
2025-12-08 10:55:43,228 [Worker-13: Building] INFO  o.a.m.s.f.DefaultMavenResourcesFiltering - Copying 1 resource from src\main\resources to target\classes
2025-12-08 10:55:43,263 [Worker-13: Building] INFO  o.a.m.s.f.DefaultMavenResourcesFiltering - Copying 1 resource from src\main\resources to target\classes
2025-12-08 10:55:43,273 [Worker-13: Building] INFO  o.a.m.s.f.DefaultMavenResourcesFiltering - skip non existing resourceDirectory C:\Users\DELL\OneDrive\Desktop\Project\WagheraAgro\src\test\resources
2025-12-08 10:55:43,328 [Worker-13: Building] WARN  o.apache.maven.project.MavenProject - Direct modification of compileSourceRoots through clear() is deprecated and will not work in Maven 4.0.0. Please use the add/remove methods instead. If you're using a plugin that causes this warning, please upgrade to the latest version and report an issue if the warning persists. To disable these warnings, set -Dmaven.project.sourceRoots.warningsDisabled=true on the command line, in the .mvn/maven.config file, or in project POM properties.
2025-12-08 10:55:43,329 [Worker-13: Building] WARN  o.apache.maven.project.MavenProject - Direct modification of compileSourceRoots through add() is deprecated and will not work in Maven 4.0.0. Please use the add/remove methods instead. If you're using a plugin that causes this warning, please upgrade to the latest version and report an issue if the warning persists. To disable these warnings, set -Dmaven.project.sourceRoots.warningsDisabled=true on the command line, in the .mvn/maven.config file, or in project POM properties.
2025-12-08 10:55:43,330 [Worker-13: Building] WARN  o.apache.maven.project.MavenProject - Direct modification of testCompileSourceRoots through clear() is deprecated and will not work in Maven 4.0.0. Please use the add/remove methods instead. If you're using a plugin that causes this warning, please upgrade to the latest version and report an issue if the warning persists. To disable these warnings, set -Dmaven.project.sourceRoots.warningsDisabled=true on the command line, in the .mvn/maven.config file, or in project POM properties.
2025-12-08 10:55:43,331 [Worker-13: Building] WARN  o.apache.maven.project.MavenProject - Direct modification of testCompileSourceRoots through add() is deprecated and will not work in Maven 4.0.0. Please use the add/remove methods instead. If you're using a plugin that causes this warning, please upgrade to the latest version and report an issue if the warning persists. To disable these warnings, set -Dmaven.project.sourceRoots.warningsDisabled=true on the command line, in the .mvn/maven.config file, or in project POM properties.
2025-12-08 10:55:45,847 [Worker-16: Building] INFO  o.a.m.s.f.DefaultMavenResourcesFiltering - Copying 1 resource from src\main\resources to target\classes
2025-12-08 10:55:45,853 [Worker-16: Building] INFO  o.a.m.s.f.DefaultMavenResourcesFiltering - Copying 1 resource from src\main\resources to target\classes
2025-12-08 10:55:45,885 [Worker-16: Building] INFO  o.a.m.s.f.DefaultMavenResourcesFiltering - skip non existing resourceDirectory C:\Users\DELL\OneDrive\Desktop\Project\WagheraAgro\src\test\resources
2025-12-08 10:55:45,960 [Worker-16: Building] WARN  o.apache.maven.project.MavenProject - Direct modification of compileSourceRoots through clear() is deprecated and will not work in Maven 4.0.0. Please use the add/remove methods instead. If you're using a plugin that causes this warning, please upgrade to the latest version and report an issue if the warning persists. To disable these warnings, set -Dmaven.project.sourceRoots.warningsDisabled=true on the command line, in the .mvn/maven.config file, or in project POM properties.
2025-12-08 10:55:45,963 [Worker-16: Building] WARN  o.apache.maven.project.MavenProject - Direct modification of compileSourceRoots through add() is deprecated and will not work in Maven 4.0.0. Please use the add/remove methods instead. If you're using a plugin that causes this warning, please upgrade to the latest version and report an issue if the warning persists. To disable these warnings, set -Dmaven.project.sourceRoots.warningsDisabled=true on the command line, in the .mvn/maven.config file, or in project POM properties.
2025-12-08 10:55:45,964 [Worker-16: Building] WARN  o.apache.maven.project.MavenProject - Direct modification of testCompileSourceRoots through clear() is deprecated and will not work in Maven 4.0.0. Please use the add/remove methods instead. If you're using a plugin that causes this warning, please upgrade to the latest version and report an issue if the warning persists. To disable these warnings, set -Dmaven.project.sourceRoots.warningsDisabled=true on the command line, in the .mvn/maven.config file, or in project POM properties.
2025-12-08 10:55:45,966 [Worker-16: Building] WARN  o.apache.maven.project.MavenProject - Direct modification of testCompileSourceRoots through add() is deprecated and will not work in Maven 4.0.0. Please use the add/remove methods instead. If you're using a plugin that causes this warning, please upgrade to the latest version and report an issue if the warning persists. To disable these warnings, set -Dmaven.project.sourceRoots.warningsDisabled=true on the command line, in the .mvn/maven.config file, or in project POM properties.
2025-12-08 11:04:20,471 [Worker-20: Importing Maven projects] INFO  o.e.m.c.i.l.LifecycleMappingFactory - Using org.eclipse.m2e.jdt.JarLifecycleMapping lifecycle mapping for MavenProject: com.moonlite:WagheraAgro:0.0.1-SNAPSHOT @ C:\Projects\WagheraAgro\pom.xml.
2025-12-08 11:04:21,320 [Worker-20: Importing Maven projects] WARN  o.e.m.c.i.embedder.EclipseLogger - The POM for com.lock:CRUD_Manualy:jar:0.0.1-SNAPSHOT is missing, no dependency information available
2025-12-08 11:04:22,931 [Worker-20: Importing Maven projects] INFO  o.e.m.j.i.AbstractJavaProjectConfigurator - Adding source folder /WagheraAgro/src/main/java
2025-12-08 11:04:22,933 [Worker-20: Importing Maven projects] INFO  o.e.m.j.i.AbstractJavaProjectConfigurator - Adding resource folder /WagheraAgro/src/main/resources
2025-12-08 11:04:22,934 [Worker-20: Importing Maven projects] INFO  o.e.m.j.i.AbstractJavaProjectConfigurator - Adding resource folder /WagheraAgro/src/main/resources
2025-12-08 11:04:22,934 [Worker-20: Importing Maven projects] INFO  o.e.m.j.i.AbstractJavaProjectConfigurator - Adding source folder /WagheraAgro/src/test/java
2025-12-08 11:04:22,936 [Worker-20: Importing Maven projects] INFO  o.e.m.j.i.AbstractJavaProjectConfigurator - Adding resource folder /WagheraAgro/src/test/resources
2025-12-08 11:04:23,401 [Worker-9: Download sources and javadoc] ERROR o.e.m.j.internal.DownloadSourcesJob - Could not download javadoc for com.lock:CRUD_Manualy:0.0.1-SNAPSHOT
org.eclipse.core.runtime.CoreException: Could not resolve artifact com.lock:CRUD_Manualy:jar:javadoc:0.0.1-SNAPSHOT
	at org.eclipse.m2e.core.internal.embedder.MavenImpl.lambda$7(MavenImpl.java:540)
	at org.eclipse.m2e.core.internal.embedder.MavenExecutionContext.executeBare(MavenExecutionContext.java:458)
	at org.eclipse.m2e.core.internal.embedder.MavenExecutionContext.execute(MavenExecutionContext.java:292)
	at org.eclipse.m2e.core.internal.embedder.MavenExecutionContext.execute(MavenExecutionContext.java:278)
	at org.eclipse.m2e.core.internal.embedder.MavenImpl.resolve(MavenImpl.java:509)
	at org.eclipse.m2e.core.internal.embedder.MavenImpl.resolve(MavenImpl.java:494)
	at org.eclipse.m2e.jdt.internal.DownloadSourcesJob.download(DownloadSourcesJob.java:308)
	at org.eclipse.m2e.jdt.internal.DownloadSourcesJob.downloadAttachments(DownloadSourcesJob.java:294)
	at org.eclipse.m2e.jdt.internal.DownloadSourcesJob.downloadMaven(DownloadSourcesJob.java:252)
	at org.eclipse.m2e.jdt.internal.DownloadSourcesJob.downloadFilesAndPopulateToUpdate(DownloadSourcesJob.java:220)
	at org.eclipse.m2e.jdt.internal.DownloadSourcesJob.lambda$0(DownloadSourcesJob.java:149)
	at org.eclipse.m2e.core.internal.embedder.MavenExecutionContext.executeBare(MavenExecutionContext.java:458)
	at org.eclipse.m2e.core.internal.embedder.MavenExecutionContext.execute(MavenExecutionContext.java:339)
	at org.eclipse.m2e.core.internal.embedder.MavenExecutionContext.execute(MavenExecutionContext.java:278)
	at org.eclipse.m2e.core.embedder.IMaven.execute(IMaven.java:300)
	at org.eclipse.m2e.jdt.internal.DownloadSourcesJob.run(DownloadSourcesJob.java:149)
	at org.eclipse.core.internal.jobs.Worker.run(Worker.java:63)
2025-12-08 11:04:23,788 [Worker-20: Importing Maven projects] WARN  o.apache.maven.project.MavenProject - Direct modification of compileSourceRoots through clear() is deprecated and will not work in Maven 4.0.0. Please use the add/remove methods instead. If you're using a plugin that causes this warning, please upgrade to the latest version and report an issue if the warning persists. To disable these warnings, set -Dmaven.project.sourceRoots.warningsDisabled=true on the command line, in the .mvn/maven.config file, or in project POM properties.
2025-12-08 11:04:23,791 [Worker-20: Importing Maven projects] WARN  o.apache.maven.project.MavenProject - Direct modification of compileSourceRoots through add() is deprecated and will not work in Maven 4.0.0. Please use the add/remove methods instead. If you're using a plugin that causes this warning, please upgrade to the latest version and report an issue if the warning persists. To disable these warnings, set -Dmaven.project.sourceRoots.warningsDisabled=true on the command line, in the .mvn/maven.config file, or in project POM properties.
2025-12-08 11:04:23,793 [Worker-20: Importing Maven projects] WARN  o.apache.maven.project.MavenProject - Direct modification of testCompileSourceRoots through clear() is deprecated and will not work in Maven 4.0.0. Please use the add/remove methods instead. If you're using a plugin that causes this warning, please upgrade to the latest version and report an issue if the warning persists. To disable these warnings, set -Dmaven.project.sourceRoots.warningsDisabled=true on the command line, in the .mvn/maven.config file, or in project POM properties.
2025-12-08 11:04:23,795 [Worker-20: Importing Maven projects] WARN  o.apache.maven.project.MavenProject - Direct modification of testCompileSourceRoots through add() is deprecated and will not work in Maven 4.0.0. Please use the add/remove methods instead. If you're using a plugin that causes this warning, please upgrade to the latest version and report an issue if the warning persists. To disable these warnings, set -Dmaven.project.sourceRoots.warningsDisabled=true on the command line, in the .mvn/maven.config file, or in project POM properties.
2025-12-08 11:04:23,822 [Worker-20: Importing Maven projects] INFO  o.e.m.c.i.p.ProjectConfigurationManager - Imported and configured 1 project(s) in 4 sec
2025-12-08 11:04:25,853 [Worker-14: Building] INFO  o.a.m.s.f.DefaultMavenResourcesFiltering - Copying 1 resource from src\main\resources to target\classes
2025-12-08 11:04:25,889 [Worker-14: Building] INFO  o.a.m.s.f.DefaultMavenResourcesFiltering - Copying 1 resource from src\main\resources to target\classes
2025-12-08 11:04:25,901 [Worker-14: Building] INFO  o.a.m.s.f.DefaultMavenResourcesFiltering - skip non existing resourceDirectory C:\Projects\WagheraAgro\src\test\resources
2025-12-08 11:04:25,966 [Worker-14: Building] WARN  o.apache.maven.project.MavenProject - Direct modification of compileSourceRoots through clear() is deprecated and will not work in Maven 4.0.0. Please use the add/remove methods instead. If you're using a plugin that causes this warning, please upgrade to the latest version and report an issue if the warning persists. To disable these warnings, set -Dmaven.project.sourceRoots.warningsDisabled=true on the command line, in the .mvn/maven.config file, or in project POM properties.
2025-12-08 11:04:25,968 [Worker-14: Building] WARN  o.apache.maven.project.MavenProject - Direct modification of compileSourceRoots through add() is deprecated and will not work in Maven 4.0.0. Please use the add/remove methods instead. If you're using a plugin that causes this warning, please upgrade to the latest version and report an issue if the warning persists. To disable these warnings, set -Dmaven.project.sourceRoots.warningsDisabled=true on the command line, in the .mvn/maven.config file, or in project POM properties.
2025-12-08 11:04:25,969 [Worker-14: Building] WARN  o.apache.maven.project.MavenProject - Direct modification of testCompileSourceRoots through clear() is deprecated and will not work in Maven 4.0.0. Please use the add/remove methods instead. If you're using a plugin that causes this warning, please upgrade to the latest version and report an issue if the warning persists. To disable these warnings, set -Dmaven.project.sourceRoots.warningsDisabled=true on the command line, in the .mvn/maven.config file, or in project POM properties.
2025-12-08 11:04:25,969 [Worker-14: Building] WARN  o.apache.maven.project.MavenProject - Direct modification of testCompileSourceRoots through add() is deprecated and will not work in Maven 4.0.0. Please use the add/remove methods instead. If you're using a plugin that causes this warning, please upgrade to the latest version and report an issue if the warning persists. To disable these warnings, set -Dmaven.project.sourceRoots.warningsDisabled=true on the command line, in the .mvn/maven.config file, or in project POM properties.
2025-12-08 11:04:50,768 [Worker-19: Building] INFO  o.e.m.c.i.l.LifecycleMappingFactory - Using org.eclipse.m2e.jdt.JarLifecycleMapping lifecycle mapping for MavenProject: com.moonlite:WagheraAgro:0.0.1-SNAPSHOT @ C:\Projects\WagheraAgro\pom.xml.
2025-12-08 11:04:54,023 [Worker-19: Building] INFO  o.a.m.s.f.DefaultMavenResourcesFiltering - Copying 0 resource from src\main\resources to target\classes
2025-12-08 11:04:54,028 [Worker-19: Building] INFO  o.a.m.s.f.DefaultMavenResourcesFiltering - Copying 0 resource from src\main\resources to target\classes
2025-12-08 11:04:54,049 [Worker-19: Building] INFO  o.a.m.s.f.DefaultMavenResourcesFiltering - skip non existing resourceDirectory C:\Projects\WagheraAgro\src\test\resources
2025-12-08 11:04:54,117 [Worker-19: Building] WARN  o.apache.maven.project.MavenProject - Direct modification of compileSourceRoots through clear() is deprecated and will not work in Maven 4.0.0. Please use the add/remove methods instead. If you're using a plugin that causes this warning, please upgrade to the latest version and report an issue if the warning persists. To disable these warnings, set -Dmaven.project.sourceRoots.warningsDisabled=true on the command line, in the .mvn/maven.config file, or in project POM properties.
2025-12-08 11:04:54,118 [Worker-19: Building] WARN  o.apache.maven.project.MavenProject - Direct modification of compileSourceRoots through add() is deprecated and will not work in Maven 4.0.0. Please use the add/remove methods instead. If you're using a plugin that causes this warning, please upgrade to the latest version and report an issue if the warning persists. To disable these warnings, set -Dmaven.project.sourceRoots.warningsDisabled=true on the command line, in the .mvn/maven.config file, or in project POM properties.
2025-12-08 11:04:54,120 [Worker-19: Building] WARN  o.apache.maven.project.MavenProject - Direct modification of testCompileSourceRoots through clear() is deprecated and will not work in Maven 4.0.0. Please use the add/remove methods instead. If you're using a plugin that causes this warning, please upgrade to the latest version and report an issue if the warning persists. To disable these warnings, set -Dmaven.project.sourceRoots.warningsDisabled=true on the command line, in the .mvn/maven.config file, or in project POM properties.
2025-12-08 11:04:54,122 [Worker-19: Building] WARN  o.apache.maven.project.MavenProject - Direct modification of testCompileSourceRoots through add() is deprecated and will not work in Maven 4.0.0. Please use the add/remove methods instead. If you're using a plugin that causes this warning, please upgrade to the latest version and report an issue if the warning persists. To disable these warnings, set -Dmaven.project.sourceRoots.warningsDisabled=true on the command line, in the .mvn/maven.config file, or in project POM properties.
2025-12-08 11:04:57,736 [Worker-24: Building] INFO  o.e.m.c.i.l.LifecycleMappingFactory - Using org.eclipse.m2e.jdt.JarLifecycleMapping lifecycle mapping for MavenProject: com.moonlite:WagheraAgro:0.0.1-SNAPSHOT @ C:\Projects\WagheraAgro\pom.xml.
2025-12-08 11:04:59,626 [Worker-24: Building] INFO  o.a.m.s.f.DefaultMavenResourcesFiltering - Copying 1 resource from src\main\resources to target\classes
2025-12-08 11:04:59,695 [Worker-24: Building] INFO  o.a.m.s.f.DefaultMavenResourcesFiltering - Copying 1 resource from src\main\resources to target\classes
2025-12-08 11:04:59,707 [Worker-24: Building] INFO  o.a.m.s.f.DefaultMavenResourcesFiltering - skip non existing resourceDirectory C:\Projects\WagheraAgro\src\test\resources
2025-12-08 11:04:59,737 [Worker-24: Building] WARN  o.apache.maven.project.MavenProject - Direct modification of compileSourceRoots through clear() is deprecated and will not work in Maven 4.0.0. Please use the add/remove methods instead. If you're using a plugin that causes this warning, please upgrade to the latest version and report an issue if the warning persists. To disable these warnings, set -Dmaven.project.sourceRoots.warningsDisabled=true on the command line, in the .mvn/maven.config file, or in project POM properties.
2025-12-08 11:04:59,739 [Worker-24: Building] WARN  o.apache.maven.project.MavenProject - Direct modification of compileSourceRoots through add() is deprecated and will not work in Maven 4.0.0. Please use the add/remove methods instead. If you're using a plugin that causes this warning, please upgrade to the latest version and report an issue if the warning persists. To disable these warnings, set -Dmaven.project.sourceRoots.warningsDisabled=true on the command line, in the .mvn/maven.config file, or in project POM properties.
2025-12-08 11:04:59,740 [Worker-24: Building] WARN  o.apache.maven.project.MavenProject - Direct modification of testCompileSourceRoots through clear() is deprecated and will not work in Maven 4.0.0. Please use the add/remove methods instead. If you're using a plugin that causes this warning, please upgrade to the latest version and report an issue if the warning persists. To disable these warnings, set -Dmaven.project.sourceRoots.warningsDisabled=true on the command line, in the .mvn/maven.config file, or in project POM properties.
2025-12-08 11:04:59,742 [Worker-24: Building] WARN  o.apache.maven.project.MavenProject - Direct modification of testCompileSourceRoots through add() is deprecated and will not work in Maven 4.0.0. Please use the add/remove methods instead. If you're using a plugin that causes this warning, please upgrade to the latest version and report an issue if the warning persists. To disable these warnings, set -Dmaven.project.sourceRoots.warningsDisabled=true on the command line, in the .mvn/maven.config file, or in project POM properties.
2025-12-08 11:05:01,858 [Worker-24: Building] INFO  o.a.m.s.f.DefaultMavenResourcesFiltering - Copying 1 resource from src\main\resources to target\classes
2025-12-08 11:05:01,863 [Worker-24: Building] INFO  o.a.m.s.f.DefaultMavenResourcesFiltering - Copying 1 resource from src\main\resources to target\classes
2025-12-08 11:05:01,874 [Worker-24: Building] INFO  o.a.m.s.f.DefaultMavenResourcesFiltering - skip non existing resourceDirectory C:\Projects\WagheraAgro\src\test\resources
2025-12-08 11:05:01,909 [Worker-24: Building] WARN  o.apache.maven.project.MavenProject - Direct modification of compileSourceRoots through clear() is deprecated and will not work in Maven 4.0.0. Please use the add/remove methods instead. If you're using a plugin that causes this warning, please upgrade to the latest version and report an issue if the warning persists. To disable these warnings, set -Dmaven.project.sourceRoots.warningsDisabled=true on the command line, in the .mvn/maven.config file, or in project POM properties.
2025-12-08 11:05:01,911 [Worker-24: Building] WARN  o.apache.maven.project.MavenProject - Direct modification of compileSourceRoots through add() is deprecated and will not work in Maven 4.0.0. Please use the add/remove methods instead. If you're using a plugin that causes this warning, please upgrade to the latest version and report an issue if the warning persists. To disable these warnings, set -Dmaven.project.sourceRoots.warningsDisabled=true on the command line, in the .mvn/maven.config file, or in project POM properties.
2025-12-08 11:05:01,912 [Worker-24: Building] WARN  o.apache.maven.project.MavenProject - Direct modification of testCompileSourceRoots through clear() is deprecated and will not work in Maven 4.0.0. Please use the add/remove methods instead. If you're using a plugin that causes this warning, please upgrade to the latest version and report an issue if the warning persists. To disable these warnings, set -Dmaven.project.sourceRoots.warningsDisabled=true on the command line, in the .mvn/maven.config file, or in project POM properties.
2025-12-08 11:05:01,913 [Worker-24: Building] WARN  o.apache.maven.project.MavenProject - Direct modification of testCompileSourceRoots through add() is deprecated and will not work in Maven 4.0.0. Please use the add/remove methods instead. If you're using a plugin that causes this warning, please upgrade to the latest version and report an issue if the warning persists. To disable these warnings, set -Dmaven.project.sourceRoots.warningsDisabled=true on the command line, in the .mvn/maven.config file, or in project POM properties.
2025-12-08 11:08:54,543 [Worker-20: Building] INFO  o.a.m.s.f.DefaultMavenResourcesFiltering - Copying 1 resource from src\main\resources to target\classes
2025-12-08 11:08:54,565 [Worker-20: Building] INFO  o.a.m.s.f.DefaultMavenResourcesFiltering - Copying 1 resource from src\main\resources to target\classes
2025-12-08 11:08:54,574 [Worker-20: Building] INFO  o.a.m.s.f.DefaultMavenResourcesFiltering - skip non existing resourceDirectory C:\Projects\WagheraAgro\src\test\resources
2025-12-08 11:08:54,633 [Worker-20: Building] WARN  o.apache.maven.project.MavenProject - Direct modification of compileSourceRoots through clear() is deprecated and will not work in Maven 4.0.0. Please use the add/remove methods instead. If you're using a plugin that causes this warning, please upgrade to the latest version and report an issue if the warning persists. To disable these warnings, set -Dmaven.project.sourceRoots.warningsDisabled=true on the command line, in the .mvn/maven.config file, or in project POM properties.
2025-12-08 11:08:54,635 [Worker-20: Building] WARN  o.apache.maven.project.MavenProject - Direct modification of compileSourceRoots through add() is deprecated and will not work in Maven 4.0.0. Please use the add/remove methods instead. If you're using a plugin that causes this warning, please upgrade to the latest version and report an issue if the warning persists. To disable these warnings, set -Dmaven.project.sourceRoots.warningsDisabled=true on the command line, in the .mvn/maven.config file, or in project POM properties.
2025-12-08 11:08:54,637 [Worker-20: Building] WARN  o.apache.maven.project.MavenProject - Direct modification of testCompileSourceRoots through clear() is deprecated and will not work in Maven 4.0.0. Please use the add/remove methods instead. If you're using a plugin that causes this warning, please upgrade to the latest version and report an issue if the warning persists. To disable these warnings, set -Dmaven.project.sourceRoots.warningsDisabled=true on the command line, in the .mvn/maven.config file, or in project POM properties.
2025-12-08 11:08:54,638 [Worker-20: Building] WARN  o.apache.maven.project.MavenProject - Direct modification of testCompileSourceRoots through add() is deprecated and will not work in Maven 4.0.0. Please use the add/remove methods instead. If you're using a plugin that causes this warning, please upgrade to the latest version and report an issue if the warning persists. To disable these warnings, set -Dmaven.project.sourceRoots.warningsDisabled=true on the command line, in the .mvn/maven.config file, or in project POM properties.
2025-12-08 11:09:14,499 [Worker-17: Building] INFO  o.a.m.s.f.DefaultMavenResourcesFiltering - Copying 1 resource from src\main\resources to target\classes
2025-12-08 11:09:14,538 [Worker-17: Building] INFO  o.a.m.s.f.DefaultMavenResourcesFiltering - Copying 1 resource from src\main\resources to target\classes
2025-12-08 11:09:14,555 [Worker-17: Building] INFO  o.a.m.s.f.DefaultMavenResourcesFiltering - skip non existing resourceDirectory C:\Projects\WagheraAgro\src\test\resources
2025-12-08 11:09:14,556 [Worker-17: Building] WARN  o.apache.maven.project.MavenProject - Direct modification of compileSourceRoots through clear() is deprecated and will not work in Maven 4.0.0. Please use the add/remove methods instead. If you're using a plugin that causes this warning, please upgrade to the latest version and report an issue if the warning persists. To disable these warnings, set -Dmaven.project.sourceRoots.warningsDisabled=true on the command line, in the .mvn/maven.config file, or in project POM properties.
2025-12-08 11:09:14,558 [Worker-17: Building] WARN  o.apache.maven.project.MavenProject - Direct modification of compileSourceRoots through add() is deprecated and will not work in Maven 4.0.0. Please use the add/remove methods instead. If you're using a plugin that causes this warning, please upgrade to the latest version and report an issue if the warning persists. To disable these warnings, set -Dmaven.project.sourceRoots.warningsDisabled=true on the command line, in the .mvn/maven.config file, or in project POM properties.
2025-12-08 11:09:14,559 [Worker-17: Building] WARN  o.apache.maven.project.MavenProject - Direct modification of testCompileSourceRoots through clear() is deprecated and will not work in Maven 4.0.0. Please use the add/remove methods instead. If you're using a plugin that causes this warning, please upgrade to the latest version and report an issue if the warning persists. To disable these warnings, set -Dmaven.project.sourceRoots.warningsDisabled=true on the command line, in the .mvn/maven.config file, or in project POM properties.
2025-12-08 11:09:14,562 [Worker-17: Building] WARN  o.apache.maven.project.MavenProject - Direct modification of testCompileSourceRoots through add() is deprecated and will not work in Maven 4.0.0. Please use the add/remove methods instead. If you're using a plugin that causes this warning, please upgrade to the latest version and report an issue if the warning persists. To disable these warnings, set -Dmaven.project.sourceRoots.warningsDisabled=true on the command line, in the .mvn/maven.config file, or in project POM properties.
2025-12-08 11:10:08,950 [Worker-19: Building] INFO  o.a.m.s.f.DefaultMavenResourcesFiltering - Copying 1 resource from src\main\resources to target\classes
2025-12-08 11:10:08,965 [Worker-19: Building] INFO  o.a.m.s.f.DefaultMavenResourcesFiltering - Copying 1 resource from src\main\resources to target\classes
2025-12-08 11:10:08,975 [Worker-19: Building] INFO  o.a.m.s.f.DefaultMavenResourcesFiltering - skip non existing resourceDirectory C:\Projects\WagheraAgro\src\test\resources
2025-12-08 11:10:08,976 [Worker-19: Building] WARN  o.apache.maven.project.MavenProject - Direct modification of compileSourceRoots through clear() is deprecated and will not work in Maven 4.0.0. Please use the add/remove methods instead. If you're using a plugin that causes this warning, please upgrade to the latest version and report an issue if the warning persists. To disable these warnings, set -Dmaven.project.sourceRoots.warningsDisabled=true on the command line, in the .mvn/maven.config file, or in project POM properties.
2025-12-08 11:10:08,977 [Worker-19: Building] WARN  o.apache.maven.project.MavenProject - Direct modification of compileSourceRoots through add() is deprecated and will not work in Maven 4.0.0. Please use the add/remove methods instead. If you're using a plugin that causes this warning, please upgrade to the latest version and report an issue if the warning persists. To disable these warnings, set -Dmaven.project.sourceRoots.warningsDisabled=true on the command line, in the .mvn/maven.config file, or in project POM properties.
2025-12-08 11:10:08,978 [Worker-19: Building] WARN  o.apache.maven.project.MavenProject - Direct modification of testCompileSourceRoots through clear() is deprecated and will not work in Maven 4.0.0. Please use the add/remove methods instead. If you're using a plugin that causes this warning, please upgrade to the latest version and report an issue if the warning persists. To disable these warnings, set -Dmaven.project.sourceRoots.warningsDisabled=true on the command line, in the .mvn/maven.config file, or in project POM properties.
2025-12-08 11:10:08,979 [Worker-19: Building] WARN  o.apache.maven.project.MavenProject - Direct modification of testCompileSourceRoots through add() is deprecated and will not work in Maven 4.0.0. Please use the add/remove methods instead. If you're using a plugin that causes this warning, please upgrade to the latest version and report an issue if the warning persists. To disable these warnings, set -Dmaven.project.sourceRoots.warningsDisabled=true on the command line, in the .mvn/maven.config file, or in project POM properties.
2025-12-08 11:11:21,466 [Worker-20: Building] INFO  o.a.m.s.f.DefaultMavenResourcesFiltering - Copying 1 resource from src\main\resources to target\classes
2025-12-08 11:11:21,480 [Worker-20: Building] INFO  o.a.m.s.f.DefaultMavenResourcesFiltering - Copying 1 resource from src\main\resources to target\classes
2025-12-08 11:11:21,491 [Worker-20: Building] INFO  o.a.m.s.f.DefaultMavenResourcesFiltering - skip non existing resourceDirectory C:\Projects\WagheraAgro\src\test\resources
2025-12-08 11:11:21,491 [Worker-20: Building] WARN  o.apache.maven.project.MavenProject - Direct modification of compileSourceRoots through clear() is deprecated and will not work in Maven 4.0.0. Please use the add/remove methods instead. If you're using a plugin that causes this warning, please upgrade to the latest version and report an issue if the warning persists. To disable these warnings, set -Dmaven.project.sourceRoots.warningsDisabled=true on the command line, in the .mvn/maven.config file, or in project POM properties.
2025-12-08 11:11:21,493 [Worker-20: Building] WARN  o.apache.maven.project.MavenProject - Direct modification of compileSourceRoots through add() is deprecated and will not work in Maven 4.0.0. Please use the add/remove methods instead. If you're using a plugin that causes this warning, please upgrade to the latest version and report an issue if the warning persists. To disable these warnings, set -Dmaven.project.sourceRoots.warningsDisabled=true on the command line, in the .mvn/maven.config file, or in project POM properties.
2025-12-08 11:11:21,494 [Worker-20: Building] WARN  o.apache.maven.project.MavenProject - Direct modification of testCompileSourceRoots through clear() is deprecated and will not work in Maven 4.0.0. Please use the add/remove methods instead. If you're using a plugin that causes this warning, please upgrade to the latest version and report an issue if the warning persists. To disable these warnings, set -Dmaven.project.sourceRoots.warningsDisabled=true on the command line, in the .mvn/maven.config file, or in project POM properties.
2025-12-08 11:11:21,495 [Worker-20: Building] WARN  o.apache.maven.project.MavenProject - Direct modification of testCompileSourceRoots through add() is deprecated and will not work in Maven 4.0.0. Please use the add/remove methods instead. If you're using a plugin that causes this warning, please upgrade to the latest version and report an issue if the warning persists. To disable these warnings, set -Dmaven.project.sourceRoots.warningsDisabled=true on the command line, in the .mvn/maven.config file, or in project POM properties.
2025-12-08 11:11:46,924 [Worker-24: Building] INFO  o.a.m.s.f.DefaultMavenResourcesFiltering - Copying 1 resource from src\main\resources to target\classes
2025-12-08 11:11:46,934 [Worker-24: Building] INFO  o.a.m.s.f.DefaultMavenResourcesFiltering - Copying 1 resource from src\main\resources to target\classes
2025-12-08 11:11:46,940 [Worker-24: Building] INFO  o.a.m.s.f.DefaultMavenResourcesFiltering - skip non existing resourceDirectory C:\Projects\WagheraAgro\src\test\resources
2025-12-08 11:11:46,941 [Worker-24: Building] WARN  o.apache.maven.project.MavenProject - Direct modification of compileSourceRoots through clear() is deprecated and will not work in Maven 4.0.0. Please use the add/remove methods instead. If you're using a plugin that causes this warning, please upgrade to the latest version and report an issue if the warning persists. To disable these warnings, set -Dmaven.project.sourceRoots.warningsDisabled=true on the command line, in the .mvn/maven.config file, or in project POM properties.
2025-12-08 11:11:46,942 [Worker-24: Building] WARN  o.apache.maven.project.MavenProject - Direct modification of compileSourceRoots through add() is deprecated and will not work in Maven 4.0.0. Please use the add/remove methods instead. If you're using a plugin that causes this warning, please upgrade to the latest version and report an issue if the warning persists. To disable these warnings, set -Dmaven.project.sourceRoots.warningsDisabled=true on the command line, in the .mvn/maven.config file, or in project POM properties.
2025-12-08 11:11:46,943 [Worker-24: Building] WARN  o.apache.maven.project.MavenProject - Direct modification of testCompileSourceRoots through clear() is deprecated and will not work in Maven 4.0.0. Please use the add/remove methods instead. If you're using a plugin that causes this warning, please upgrade to the latest version and report an issue if the warning persists. To disable these warnings, set -Dmaven.project.sourceRoots.warningsDisabled=true on the command line, in the .mvn/maven.config file, or in project POM properties.
2025-12-08 11:11:46,944 [Worker-24: Building] WARN  o.apache.maven.project.MavenProject - Direct modification of testCompileSourceRoots through add() is deprecated and will not work in Maven 4.0.0. Please use the add/remove methods instead. If you're using a plugin that causes this warning, please upgrade to the latest version and report an issue if the warning persists. To disable these warnings, set -Dmaven.project.sourceRoots.warningsDisabled=true on the command line, in the .mvn/maven.config file, or in project POM properties.
2025-12-08 11:12:23,292 [Worker-25: Building] INFO  o.a.m.s.f.DefaultMavenResourcesFiltering - Copying 1 resource from src\main\resources to target\classes
2025-12-08 11:12:23,304 [Worker-25: Building] INFO  o.a.m.s.f.DefaultMavenResourcesFiltering - Copying 1 resource from src\main\resources to target\classes
2025-12-08 11:12:23,311 [Worker-25: Building] INFO  o.a.m.s.f.DefaultMavenResourcesFiltering - skip non existing resourceDirectory C:\Projects\WagheraAgro\src\test\resources
2025-12-08 11:12:23,312 [Worker-25: Building] WARN  o.apache.maven.project.MavenProject - Direct modification of compileSourceRoots through clear() is deprecated and will not work in Maven 4.0.0. Please use the add/remove methods instead. If you're using a plugin that causes this warning, please upgrade to the latest version and report an issue if the warning persists. To disable these warnings, set -Dmaven.project.sourceRoots.warningsDisabled=true on the command line, in the .mvn/maven.config file, or in project POM properties.
2025-12-08 11:12:23,313 [Worker-25: Building] WARN  o.apache.maven.project.MavenProject - Direct modification of compileSourceRoots through add() is deprecated and will not work in Maven 4.0.0. Please use the add/remove methods instead. If you're using a plugin that causes this warning, please upgrade to the latest version and report an issue if the warning persists. To disable these warnings, set -Dmaven.project.sourceRoots.warningsDisabled=true on the command line, in the .mvn/maven.config file, or in project POM properties.
2025-12-08 11:12:23,314 [Worker-25: Building] WARN  o.apache.maven.project.MavenProject - Direct modification of testCompileSourceRoots through clear() is deprecated and will not work in Maven 4.0.0. Please use the add/remove methods instead. If you're using a plugin that causes this warning, please upgrade to the latest version and report an issue if the warning persists. To disable these warnings, set -Dmaven.project.sourceRoots.warningsDisabled=true on the command line, in the .mvn/maven.config file, or in project POM properties.
2025-12-08 11:12:23,316 [Worker-25: Building] WARN  o.apache.maven.project.MavenProject - Direct modification of testCompileSourceRoots through add() is deprecated and will not work in Maven 4.0.0. Please use the add/remove methods instead. If you're using a plugin that causes this warning, please upgrade to the latest version and report an issue if the warning persists. To disable these warnings, set -Dmaven.project.sourceRoots.warningsDisabled=true on the command line, in the .mvn/maven.config file, or in project POM properties.
2025-12-08 11:13:13,679 [Worker-9: Building] INFO  o.a.m.s.f.DefaultMavenResourcesFiltering - Copying 1 resource from src\main\resources to target\classes
2025-12-08 11:13:13,694 [Worker-9: Building] INFO  o.a.m.s.f.DefaultMavenResourcesFiltering - Copying 1 resource from src\main\resources to target\classes
2025-12-08 11:13:13,700 [Worker-9: Building] INFO  o.a.m.s.f.DefaultMavenResourcesFiltering - skip non existing resourceDirectory C:\Projects\WagheraAgro\src\test\resources
2025-12-08 11:13:13,701 [Worker-9: Building] WARN  o.apache.maven.project.MavenProject - Direct modification of compileSourceRoots through clear() is deprecated and will not work in Maven 4.0.0. Please use the add/remove methods instead. If you're using a plugin that causes this warning, please upgrade to the latest version and report an issue if the warning persists. To disable these warnings, set -Dmaven.project.sourceRoots.warningsDisabled=true on the command line, in the .mvn/maven.config file, or in project POM properties.
2025-12-08 11:13:13,703 [Worker-9: Building] WARN  o.apache.maven.project.MavenProject - Direct modification of compileSourceRoots through add() is deprecated and will not work in Maven 4.0.0. Please use the add/remove methods instead. If you're using a plugin that causes this warning, please upgrade to the latest version and report an issue if the warning persists. To disable these warnings, set -Dmaven.project.sourceRoots.warningsDisabled=true on the command line, in the .mvn/maven.config file, or in project POM properties.
2025-12-08 11:13:13,704 [Worker-9: Building] WARN  o.apache.maven.project.MavenProject - Direct modification of testCompileSourceRoots through clear() is deprecated and will not work in Maven 4.0.0. Please use the add/remove methods instead. If you're using a plugin that causes this warning, please upgrade to the latest version and report an issue if the warning persists. To disable these warnings, set -Dmaven.project.sourceRoots.warningsDisabled=true on the command line, in the .mvn/maven.config file, or in project POM properties.
2025-12-08 11:13:13,705 [Worker-9: Building] WARN  o.apache.maven.project.MavenProject - Direct modification of testCompileSourceRoots through add() is deprecated and will not work in Maven 4.0.0. Please use the add/remove methods instead. If you're using a plugin that causes this warning, please upgrade to the latest version and report an issue if the warning persists. To disable these warnings, set -Dmaven.project.sourceRoots.warningsDisabled=true on the command line, in the .mvn/maven.config file, or in project POM properties.
2025-12-08 11:13:23,095 [Worker-25: Building] INFO  o.a.m.s.f.DefaultMavenResourcesFiltering - Copying 1 resource from src\main\resources to target\classes
2025-12-08 11:13:23,108 [Worker-25: Building] INFO  o.a.m.s.f.DefaultMavenResourcesFiltering - Copying 1 resource from src\main\resources to target\classes
2025-12-08 11:13:23,116 [Worker-25: Building] INFO  o.a.m.s.f.DefaultMavenResourcesFiltering - skip non existing resourceDirectory C:\Projects\WagheraAgro\src\test\resources
2025-12-08 11:13:23,117 [Worker-25: Building] WARN  o.apache.maven.project.MavenProject - Direct modification of compileSourceRoots through clear() is deprecated and will not work in Maven 4.0.0. Please use the add/remove methods instead. If you're using a plugin that causes this warning, please upgrade to the latest version and report an issue if the warning persists. To disable these warnings, set -Dmaven.project.sourceRoots.warningsDisabled=true on the command line, in the .mvn/maven.config file, or in project POM properties.
2025-12-08 11:13:23,118 [Worker-25: Building] WARN  o.apache.maven.project.MavenProject - Direct modification of compileSourceRoots through add() is deprecated and will not work in Maven 4.0.0. Please use the add/remove methods instead. If you're using a plugin that causes this warning, please upgrade to the latest version and report an issue if the warning persists. To disable these warnings, set -Dmaven.project.sourceRoots.warningsDisabled=true on the command line, in the .mvn/maven.config file, or in project POM properties.
2025-12-08 11:13:23,119 [Worker-25: Building] WARN  o.apache.maven.project.MavenProject - Direct modification of testCompileSourceRoots through clear() is deprecated and will not work in Maven 4.0.0. Please use the add/remove methods instead. If you're using a plugin that causes this warning, please upgrade to the latest version and report an issue if the warning persists. To disable these warnings, set -Dmaven.project.sourceRoots.warningsDisabled=true on the command line, in the .mvn/maven.config file, or in project POM properties.
2025-12-08 11:13:23,120 [Worker-25: Building] WARN  o.apache.maven.project.MavenProject - Direct modification of testCompileSourceRoots through add() is deprecated and will not work in Maven 4.0.0. Please use the add/remove methods instead. If you're using a plugin that causes this warning, please upgrade to the latest version and report an issue if the warning persists. To disable these warnings, set -Dmaven.project.sourceRoots.warningsDisabled=true on the command line, in the .mvn/maven.config file, or in project POM properties.
2025-12-08 11:13:36,670 [Worker-19: Building] INFO  o.a.m.s.f.DefaultMavenResourcesFiltering - Copying 1 resource from src\main\resources to target\classes
2025-12-08 11:13:36,808 [Worker-19: Building] INFO  o.a.m.s.f.DefaultMavenResourcesFiltering - Copying 1 resource from src\main\resources to target\classes
2025-12-08 11:13:36,821 [Worker-19: Building] INFO  o.a.m.s.f.DefaultMavenResourcesFiltering - skip non existing resourceDirectory C:\Projects\WagheraAgro\src\test\resources
2025-12-08 11:13:36,823 [Worker-19: Building] WARN  o.apache.maven.project.MavenProject - Direct modification of compileSourceRoots through clear() is deprecated and will not work in Maven 4.0.0. Please use the add/remove methods instead. If you're using a plugin that causes this warning, please upgrade to the latest version and report an issue if the warning persists. To disable these warnings, set -Dmaven.project.sourceRoots.warningsDisabled=true on the command line, in the .mvn/maven.config file, or in project POM properties.
2025-12-08 11:13:36,824 [Worker-19: Building] WARN  o.apache.maven.project.MavenProject - Direct modification of compileSourceRoots through add() is deprecated and will not work in Maven 4.0.0. Please use the add/remove methods instead. If you're using a plugin that causes this warning, please upgrade to the latest version and report an issue if the warning persists. To disable these warnings, set -Dmaven.project.sourceRoots.warningsDisabled=true on the command line, in the .mvn/maven.config file, or in project POM properties.
2025-12-08 11:13:36,825 [Worker-19: Building] WARN  o.apache.maven.project.MavenProject - Direct modification of testCompileSourceRoots through clear() is deprecated and will not work in Maven 4.0.0. Please use the add/remove methods instead. If you're using a plugin that causes this warning, please upgrade to the latest version and report an issue if the warning persists. To disable these warnings, set -Dmaven.project.sourceRoots.warningsDisabled=true on the command line, in the .mvn/maven.config file, or in project POM properties.
2025-12-08 11:13:36,826 [Worker-19: Building] WARN  o.apache.maven.project.MavenProject - Direct modification of testCompileSourceRoots through add() is deprecated and will not work in Maven 4.0.0. Please use the add/remove methods instead. If you're using a plugin that causes this warning, please upgrade to the latest version and report an issue if the warning persists. To disable these warnings, set -Dmaven.project.sourceRoots.warningsDisabled=true on the command line, in the .mvn/maven.config file, or in project POM properties.
2025-12-08 11:14:01,127 [Worker-22: Building] INFO  o.a.m.s.f.DefaultMavenResourcesFiltering - Copying 1 resource from src\main\resources to target\classes
2025-12-08 11:14:01,141 [Worker-22: Building] INFO  o.a.m.s.f.DefaultMavenResourcesFiltering - Copying 1 resource from src\main\resources to target\classes
2025-12-08 11:14:01,148 [Worker-22: Building] INFO  o.a.m.s.f.DefaultMavenResourcesFiltering - skip non existing resourceDirectory C:\Projects\WagheraAgro\src\test\resources
2025-12-08 11:14:01,149 [Worker-22: Building] WARN  o.apache.maven.project.MavenProject - Direct modification of compileSourceRoots through clear() is deprecated and will not work in Maven 4.0.0. Please use the add/remove methods instead. If you're using a plugin that causes this warning, please upgrade to the latest version and report an issue if the warning persists. To disable these warnings, set -Dmaven.project.sourceRoots.warningsDisabled=true on the command line, in the .mvn/maven.config file, or in project POM properties.
2025-12-08 11:14:01,150 [Worker-22: Building] WARN  o.apache.maven.project.MavenProject - Direct modification of compileSourceRoots through add() is deprecated and will not work in Maven 4.0.0. Please use the add/remove methods instead. If you're using a plugin that causes this warning, please upgrade to the latest version and report an issue if the warning persists. To disable these warnings, set -Dmaven.project.sourceRoots.warningsDisabled=true on the command line, in the .mvn/maven.config file, or in project POM properties.
2025-12-08 11:14:01,151 [Worker-22: Building] WARN  o.apache.maven.project.MavenProject - Direct modification of testCompileSourceRoots through clear() is deprecated and will not work in Maven 4.0.0. Please use the add/remove methods instead. If you're using a plugin that causes this warning, please upgrade to the latest version and report an issue if the warning persists. To disable these warnings, set -Dmaven.project.sourceRoots.warningsDisabled=true on the command line, in the .mvn/maven.config file, or in project POM properties.
2025-12-08 11:14:01,153 [Worker-22: Building] WARN  o.apache.maven.project.MavenProject - Direct modification of testCompileSourceRoots through add() is deprecated and will not work in Maven 4.0.0. Please use the add/remove methods instead. If you're using a plugin that causes this warning, please upgrade to the latest version and report an issue if the warning persists. To disable these warnings, set -Dmaven.project.sourceRoots.warningsDisabled=true on the command line, in the .mvn/maven.config file, or in project POM properties.
2025-12-08 11:15:18,661 [Worker-22: Building] INFO  o.a.m.s.f.DefaultMavenResourcesFiltering - Copying 1 resource from src\main\resources to target\classes
2025-12-08 11:15:18,671 [Worker-22: Building] INFO  o.a.m.s.f.DefaultMavenResourcesFiltering - Copying 1 resource from src\main\resources to target\classes
2025-12-08 11:15:18,679 [Worker-22: Building] INFO  o.a.m.s.f.DefaultMavenResourcesFiltering - skip non existing resourceDirectory C:\Projects\WagheraAgro\src\test\resources
2025-12-08 11:15:18,679 [Worker-22: Building] WARN  o.apache.maven.project.MavenProject - Direct modification of compileSourceRoots through clear() is deprecated and will not work in Maven 4.0.0. Please use the add/remove methods instead. If you're using a plugin that causes this warning, please upgrade to the latest version and report an issue if the warning persists. To disable these warnings, set -Dmaven.project.sourceRoots.warningsDisabled=true on the command line, in the .mvn/maven.config file, or in project POM properties.
2025-12-08 11:15:18,681 [Worker-22: Building] WARN  o.apache.maven.project.MavenProject - Direct modification of compileSourceRoots through add() is deprecated and will not work in Maven 4.0.0. Please use the add/remove methods instead. If you're using a plugin that causes this warning, please upgrade to the latest version and report an issue if the warning persists. To disable these warnings, set -Dmaven.project.sourceRoots.warningsDisabled=true on the command line, in the .mvn/maven.config file, or in project POM properties.
2025-12-08 11:15:18,682 [Worker-22: Building] WARN  o.apache.maven.project.MavenProject - Direct modification of testCompileSourceRoots through clear() is deprecated and will not work in Maven 4.0.0. Please use the add/remove methods instead. If you're using a plugin that causes this warning, please upgrade to the latest version and report an issue if the warning persists. To disable these warnings, set -Dmaven.project.sourceRoots.warningsDisabled=true on the command line, in the .mvn/maven.config file, or in project POM properties.
2025-12-08 11:15:18,684 [Worker-22: Building] WARN  o.apache.maven.project.MavenProject - Direct modification of testCompileSourceRoots through add() is deprecated and will not work in Maven 4.0.0. Please use the add/remove methods instead. If you're using a plugin that causes this warning, please upgrade to the latest version and report an issue if the warning persists. To disable these warnings, set -Dmaven.project.sourceRoots.warningsDisabled=true on the command line, in the .mvn/maven.config file, or in project POM properties.
2025-12-08 11:15:41,489 [Worker-24: Building] INFO  o.a.m.s.f.DefaultMavenResourcesFiltering - Copying 1 resource from src\main\resources to target\classes
2025-12-08 11:15:41,504 [Worker-24: Building] INFO  o.a.m.s.f.DefaultMavenResourcesFiltering - Copying 1 resource from src\main\resources to target\classes
2025-12-08 11:15:41,512 [Worker-24: Building] INFO  o.a.m.s.f.DefaultMavenResourcesFiltering - skip non existing resourceDirectory C:\Projects\WagheraAgro\src\test\resources
2025-12-08 11:15:41,513 [Worker-24: Building] WARN  o.apache.maven.project.MavenProject - Direct modification of compileSourceRoots through clear() is deprecated and will not work in Maven 4.0.0. Please use the add/remove methods instead. If you're using a plugin that causes this warning, please upgrade to the latest version and report an issue if the warning persists. To disable these warnings, set -Dmaven.project.sourceRoots.warningsDisabled=true on the command line, in the .mvn/maven.config file, or in project POM properties.
2025-12-08 11:15:41,515 [Worker-24: Building] WARN  o.apache.maven.project.MavenProject - Direct modification of compileSourceRoots through add() is deprecated and will not work in Maven 4.0.0. Please use the add/remove methods instead. If you're using a plugin that causes this warning, please upgrade to the latest version and report an issue if the warning persists. To disable these warnings, set -Dmaven.project.sourceRoots.warningsDisabled=true on the command line, in the .mvn/maven.config file, or in project POM properties.
2025-12-08 11:15:41,516 [Worker-24: Building] WARN  o.apache.maven.project.MavenProject - Direct modification of testCompileSourceRoots through clear() is deprecated and will not work in Maven 4.0.0. Please use the add/remove methods instead. If you're using a plugin that causes this warning, please upgrade to the latest version and report an issue if the warning persists. To disable these warnings, set -Dmaven.project.sourceRoots.warningsDisabled=true on the command line, in the .mvn/maven.config file, or in project POM properties.
2025-12-08 11:15:41,518 [Worker-24: Building] WARN  o.apache.maven.project.MavenProject - Direct modification of testCompileSourceRoots through add() is deprecated and will not work in Maven 4.0.0. Please use the add/remove methods instead. If you're using a plugin that causes this warning, please upgrade to the latest version and report an issue if the warning persists. To disable these warnings, set -Dmaven.project.sourceRoots.warningsDisabled=true on the command line, in the .mvn/maven.config file, or in project POM properties.
2025-12-08 11:15:54,840 [Worker-9: Building] INFO  o.a.m.s.f.DefaultMavenResourcesFiltering - Copying 1 resource from src\main\resources to target\classes
2025-12-08 11:15:54,853 [Worker-9: Building] INFO  o.a.m.s.f.DefaultMavenResourcesFiltering - Copying 1 resource from src\main\resources to target\classes
2025-12-08 11:15:54,860 [Worker-9: Building] INFO  o.a.m.s.f.DefaultMavenResourcesFiltering - skip non existing resourceDirectory C:\Projects\WagheraAgro\src\test\resources
2025-12-08 11:15:54,861 [Worker-9: Building] WARN  o.apache.maven.project.MavenProject - Direct modification of compileSourceRoots through clear() is deprecated and will not work in Maven 4.0.0. Please use the add/remove methods instead. If you're using a plugin that causes this warning, please upgrade to the latest version and report an issue if the warning persists. To disable these warnings, set -Dmaven.project.sourceRoots.warningsDisabled=true on the command line, in the .mvn/maven.config file, or in project POM properties.
2025-12-08 11:15:54,862 [Worker-9: Building] WARN  o.apache.maven.project.MavenProject - Direct modification of compileSourceRoots through add() is deprecated and will not work in Maven 4.0.0. Please use the add/remove methods instead. If you're using a plugin that causes this warning, please upgrade to the latest version and report an issue if the warning persists. To disable these warnings, set -Dmaven.project.sourceRoots.warningsDisabled=true on the command line, in the .mvn/maven.config file, or in project POM properties.
2025-12-08 11:15:54,864 [Worker-9: Building] WARN  o.apache.maven.project.MavenProject - Direct modification of testCompileSourceRoots through clear() is deprecated and will not work in Maven 4.0.0. Please use the add/remove methods instead. If you're using a plugin that causes this warning, please upgrade to the latest version and report an issue if the warning persists. To disable these warnings, set -Dmaven.project.sourceRoots.warningsDisabled=true on the command line, in the .mvn/maven.config file, or in project POM properties.
2025-12-08 11:15:54,865 [Worker-9: Building] WARN  o.apache.maven.project.MavenProject - Direct modification of testCompileSourceRoots through add() is deprecated and will not work in Maven 4.0.0. Please use the add/remove methods instead. If you're using a plugin that causes this warning, please upgrade to the latest version and report an issue if the warning persists. To disable these warnings, set -Dmaven.project.sourceRoots.warningsDisabled=true on the command line, in the .mvn/maven.config file, or in project POM properties.
2025-12-08 11:16:09,381 [Worker-24: Building] INFO  o.a.m.s.f.DefaultMavenResourcesFiltering - Copying 1 resource from src\main\resources to target\classes
2025-12-08 11:16:09,388 [Worker-24: Building] INFO  o.a.m.s.f.DefaultMavenResourcesFiltering - Copying 1 resource from src\main\resources to target\classes
2025-12-08 11:16:09,395 [Worker-24: Building] INFO  o.a.m.s.f.DefaultMavenResourcesFiltering - skip non existing resourceDirectory C:\Projects\WagheraAgro\src\test\resources
2025-12-08 11:16:09,396 [Worker-24: Building] WARN  o.apache.maven.project.MavenProject - Direct modification of compileSourceRoots through clear() is deprecated and will not work in Maven 4.0.0. Please use the add/remove methods instead. If you're using a plugin that causes this warning, please upgrade to the latest version and report an issue if the warning persists. To disable these warnings, set -Dmaven.project.sourceRoots.warningsDisabled=true on the command line, in the .mvn/maven.config file, or in project POM properties.
2025-12-08 11:16:09,397 [Worker-24: Building] WARN  o.apache.maven.project.MavenProject - Direct modification of compileSourceRoots through add() is deprecated and will not work in Maven 4.0.0. Please use the add/remove methods instead. If you're using a plugin that causes this warning, please upgrade to the latest version and report an issue if the warning persists. To disable these warnings, set -Dmaven.project.sourceRoots.warningsDisabled=true on the command line, in the .mvn/maven.config file, or in project POM properties.
2025-12-08 11:16:09,399 [Worker-24: Building] WARN  o.apache.maven.project.MavenProject - Direct modification of testCompileSourceRoots through clear() is deprecated and will not work in Maven 4.0.0. Please use the add/remove methods instead. If you're using a plugin that causes this warning, please upgrade to the latest version and report an issue if the warning persists. To disable these warnings, set -Dmaven.project.sourceRoots.warningsDisabled=true on the command line, in the .mvn/maven.config file, or in project POM properties.
2025-12-08 11:16:09,400 [Worker-24: Building] WARN  o.apache.maven.project.MavenProject - Direct modification of testCompileSourceRoots through add() is deprecated and will not work in Maven 4.0.0. Please use the add/remove methods instead. If you're using a plugin that causes this warning, please upgrade to the latest version and report an issue if the warning persists. To disable these warnings, set -Dmaven.project.sourceRoots.warningsDisabled=true on the command line, in the .mvn/maven.config file, or in project POM properties.
2025-12-08 11:16:53,531 [Worker-22: Building] INFO  o.a.m.s.f.DefaultMavenResourcesFiltering - Copying 1 resource from src\main\resources to target\classes
2025-12-08 11:16:53,540 [Worker-22: Building] INFO  o.a.m.s.f.DefaultMavenResourcesFiltering - Copying 1 resource from src\main\resources to target\classes
2025-12-08 11:16:53,545 [Worker-22: Building] INFO  o.a.m.s.f.DefaultMavenResourcesFiltering - skip non existing resourceDirectory C:\Projects\WagheraAgro\src\test\resources
2025-12-08 11:16:53,545 [Worker-22: Building] WARN  o.apache.maven.project.MavenProject - Direct modification of compileSourceRoots through clear() is deprecated and will not work in Maven 4.0.0. Please use the add/remove methods instead. If you're using a plugin that causes this warning, please upgrade to the latest version and report an issue if the warning persists. To disable these warnings, set -Dmaven.project.sourceRoots.warningsDisabled=true on the command line, in the .mvn/maven.config file, or in project POM properties.
2025-12-08 11:16:53,546 [Worker-22: Building] WARN  o.apache.maven.project.MavenProject - Direct modification of compileSourceRoots through add() is deprecated and will not work in Maven 4.0.0. Please use the add/remove methods instead. If you're using a plugin that causes this warning, please upgrade to the latest version and report an issue if the warning persists. To disable these warnings, set -Dmaven.project.sourceRoots.warningsDisabled=true on the command line, in the .mvn/maven.config file, or in project POM properties.
2025-12-08 11:16:53,547 [Worker-22: Building] WARN  o.apache.maven.project.MavenProject - Direct modification of testCompileSourceRoots through clear() is deprecated and will not work in Maven 4.0.0. Please use the add/remove methods instead. If you're using a plugin that causes this warning, please upgrade to the latest version and report an issue if the warning persists. To disable these warnings, set -Dmaven.project.sourceRoots.warningsDisabled=true on the command line, in the .mvn/maven.config file, or in project POM properties.
2025-12-08 11:16:53,549 [Worker-22: Building] WARN  o.apache.maven.project.MavenProject - Direct modification of testCompileSourceRoots through add() is deprecated and will not work in Maven 4.0.0. Please use the add/remove methods instead. If you're using a plugin that causes this warning, please upgrade to the latest version and report an issue if the warning persists. To disable these warnings, set -Dmaven.project.sourceRoots.warningsDisabled=true on the command line, in the .mvn/maven.config file, or in project POM properties.
2025-12-08 11:17:09,352 [Worker-22: Building] INFO  o.a.m.s.f.DefaultMavenResourcesFiltering - Copying 1 resource from src\main\resources to target\classes
2025-12-08 11:17:09,365 [Worker-22: Building] INFO  o.a.m.s.f.DefaultMavenResourcesFiltering - Copying 1 resource from src\main\resources to target\classes
2025-12-08 11:17:09,371 [Worker-22: Building] INFO  o.a.m.s.f.DefaultMavenResourcesFiltering - skip non existing resourceDirectory C:\Projects\WagheraAgro\src\test\resources
2025-12-08 11:17:09,372 [Worker-22: Building] WARN  o.apache.maven.project.MavenProject - Direct modification of compileSourceRoots through clear() is deprecated and will not work in Maven 4.0.0. Please use the add/remove methods instead. If you're using a plugin that causes this warning, please upgrade to the latest version and report an issue if the warning persists. To disable these warnings, set -Dmaven.project.sourceRoots.warningsDisabled=true on the command line, in the .mvn/maven.config file, or in project POM properties.
2025-12-08 11:17:09,373 [Worker-22: Building] WARN  o.apache.maven.project.MavenProject - Direct modification of compileSourceRoots through add() is deprecated and will not work in Maven 4.0.0. Please use the add/remove methods instead. If you're using a plugin that causes this warning, please upgrade to the latest version and report an issue if the warning persists. To disable these warnings, set -Dmaven.project.sourceRoots.warningsDisabled=true on the command line, in the .mvn/maven.config file, or in project POM properties.
2025-12-08 11:17:09,376 [Worker-22: Building] WARN  o.apache.maven.project.MavenProject - Direct modification of testCompileSourceRoots through clear() is deprecated and will not work in Maven 4.0.0. Please use the add/remove methods instead. If you're using a plugin that causes this warning, please upgrade to the latest version and report an issue if the warning persists. To disable these warnings, set -Dmaven.project.sourceRoots.warningsDisabled=true on the command line, in the .mvn/maven.config file, or in project POM properties.
2025-12-08 11:17:09,378 [Worker-22: Building] WARN  o.apache.maven.project.MavenProject - Direct modification of testCompileSourceRoots through add() is deprecated and will not work in Maven 4.0.0. Please use the add/remove methods instead. If you're using a plugin that causes this warning, please upgrade to the latest version and report an issue if the warning persists. To disable these warnings, set -Dmaven.project.sourceRoots.warningsDisabled=true on the command line, in the .mvn/maven.config file, or in project POM properties.
2025-12-08 11:17:16,174 [Worker-23: Building] INFO  o.a.m.s.f.DefaultMavenResourcesFiltering - Copying 1 resource from src\main\resources to target\classes
2025-12-08 11:17:16,188 [Worker-23: Building] INFO  o.a.m.s.f.DefaultMavenResourcesFiltering - Copying 1 resource from src\main\resources to target\classes
2025-12-08 11:17:16,196 [Worker-23: Building] INFO  o.a.m.s.f.DefaultMavenResourcesFiltering - skip non existing resourceDirectory C:\Projects\WagheraAgro\src\test\resources
2025-12-08 11:17:16,196 [Worker-23: Building] WARN  o.apache.maven.project.MavenProject - Direct modification of compileSourceRoots through clear() is deprecated and will not work in Maven 4.0.0. Please use the add/remove methods instead. If you're using a plugin that causes this warning, please upgrade to the latest version and report an issue if the warning persists. To disable these warnings, set -Dmaven.project.sourceRoots.warningsDisabled=true on the command line, in the .mvn/maven.config file, or in project POM properties.
2025-12-08 11:17:16,197 [Worker-23: Building] WARN  o.apache.maven.project.MavenProject - Direct modification of compileSourceRoots through add() is deprecated and will not work in Maven 4.0.0. Please use the add/remove methods instead. If you're using a plugin that causes this warning, please upgrade to the latest version and report an issue if the warning persists. To disable these warnings, set -Dmaven.project.sourceRoots.warningsDisabled=true on the command line, in the .mvn/maven.config file, or in project POM properties.
2025-12-08 11:17:16,199 [Worker-23: Building] WARN  o.apache.maven.project.MavenProject - Direct modification of testCompileSourceRoots through clear() is deprecated and will not work in Maven 4.0.0. Please use the add/remove methods instead. If you're using a plugin that causes this warning, please upgrade to the latest version and report an issue if the warning persists. To disable these warnings, set -Dmaven.project.sourceRoots.warningsDisabled=true on the command line, in the .mvn/maven.config file, or in project POM properties.
2025-12-08 11:17:16,200 [Worker-23: Building] WARN  o.apache.maven.project.MavenProject - Direct modification of testCompileSourceRoots through add() is deprecated and will not work in Maven 4.0.0. Please use the add/remove methods instead. If you're using a plugin that causes this warning, please upgrade to the latest version and report an issue if the warning persists. To disable these warnings, set -Dmaven.project.sourceRoots.warningsDisabled=true on the command line, in the .mvn/maven.config file, or in project POM properties.
2025-12-08 11:17:41,843 [Worker-17: Building] INFO  o.a.m.s.f.DefaultMavenResourcesFiltering - Copying 1 resource from src\main\resources to target\classes
2025-12-08 11:17:41,852 [Worker-17: Building] INFO  o.a.m.s.f.DefaultMavenResourcesFiltering - Copying 1 resource from src\main\resources to target\classes
2025-12-08 11:17:41,858 [Worker-17: Building] INFO  o.a.m.s.f.DefaultMavenResourcesFiltering - skip non existing resourceDirectory C:\Projects\WagheraAgro\src\test\resources
2025-12-08 11:17:41,859 [Worker-17: Building] WARN  o.apache.maven.project.MavenProject - Direct modification of compileSourceRoots through clear() is deprecated and will not work in Maven 4.0.0. Please use the add/remove methods instead. If you're using a plugin that causes this warning, please upgrade to the latest version and report an issue if the warning persists. To disable these warnings, set -Dmaven.project.sourceRoots.warningsDisabled=true on the command line, in the .mvn/maven.config file, or in project POM properties.
2025-12-08 11:17:41,860 [Worker-17: Building] WARN  o.apache.maven.project.MavenProject - Direct modification of compileSourceRoots through add() is deprecated and will not work in Maven 4.0.0. Please use the add/remove methods instead. If you're using a plugin that causes this warning, please upgrade to the latest version and report an issue if the warning persists. To disable these warnings, set -Dmaven.project.sourceRoots.warningsDisabled=true on the command line, in the .mvn/maven.config file, or in project POM properties.
2025-12-08 11:17:41,861 [Worker-17: Building] WARN  o.apache.maven.project.MavenProject - Direct modification of testCompileSourceRoots through clear() is deprecated and will not work in Maven 4.0.0. Please use the add/remove methods instead. If you're using a plugin that causes this warning, please upgrade to the latest version and report an issue if the warning persists. To disable these warnings, set -Dmaven.project.sourceRoots.warningsDisabled=true on the command line, in the .mvn/maven.config file, or in project POM properties.
2025-12-08 11:17:41,862 [Worker-17: Building] WARN  o.apache.maven.project.MavenProject - Direct modification of testCompileSourceRoots through add() is deprecated and will not work in Maven 4.0.0. Please use the add/remove methods instead. If you're using a plugin that causes this warning, please upgrade to the latest version and report an issue if the warning persists. To disable these warnings, set -Dmaven.project.sourceRoots.warningsDisabled=true on the command line, in the .mvn/maven.config file, or in project POM properties.
2025-12-08 11:17:51,169 [Worker-22: Building] INFO  o.a.m.s.f.DefaultMavenResourcesFiltering - Copying 1 resource from src\main\resources to target\classes
2025-12-08 11:17:51,176 [Worker-22: Building] INFO  o.a.m.s.f.DefaultMavenResourcesFiltering - Copying 1 resource from src\main\resources to target\classes
2025-12-08 11:17:51,182 [Worker-22: Building] INFO  o.a.m.s.f.DefaultMavenResourcesFiltering - skip non existing resourceDirectory C:\Projects\WagheraAgro\src\test\resources
2025-12-08 11:17:51,182 [Worker-22: Building] WARN  o.apache.maven.project.MavenProject - Direct modification of compileSourceRoots through clear() is deprecated and will not work in Maven 4.0.0. Please use the add/remove methods instead. If you're using a plugin that causes this warning, please upgrade to the latest version and report an issue if the warning persists. To disable these warnings, set -Dmaven.project.sourceRoots.warningsDisabled=true on the command line, in the .mvn/maven.config file, or in project POM properties.
2025-12-08 11:17:51,183 [Worker-22: Building] WARN  o.apache.maven.project.MavenProject - Direct modification of compileSourceRoots through add() is deprecated and will not work in Maven 4.0.0. Please use the add/remove methods instead. If you're using a plugin that causes this warning, please upgrade to the latest version and report an issue if the warning persists. To disable these warnings, set -Dmaven.project.sourceRoots.warningsDisabled=true on the command line, in the .mvn/maven.config file, or in project POM properties.
2025-12-08 11:17:51,183 [Worker-22: Building] WARN  o.apache.maven.project.MavenProject - Direct modification of testCompileSourceRoots through clear() is deprecated and will not work in Maven 4.0.0. Please use the add/remove methods instead. If you're using a plugin that causes this warning, please upgrade to the latest version and report an issue if the warning persists. To disable these warnings, set -Dmaven.project.sourceRoots.warningsDisabled=true on the command line, in the .mvn/maven.config file, or in project POM properties.
2025-12-08 11:17:51,184 [Worker-22: Building] WARN  o.apache.maven.project.MavenProject - Direct modification of testCompileSourceRoots through add() is deprecated and will not work in Maven 4.0.0. Please use the add/remove methods instead. If you're using a plugin that causes this warning, please upgrade to the latest version and report an issue if the warning persists. To disable these warnings, set -Dmaven.project.sourceRoots.warningsDisabled=true on the command line, in the .mvn/maven.config file, or in project POM properties.
2025-12-08 11:18:29,501 [Worker-24: Building] INFO  o.a.m.s.f.DefaultMavenResourcesFiltering - Copying 1 resource from src\main\resources to target\classes
2025-12-08 11:18:29,544 [Worker-24: Building] INFO  o.a.m.s.f.DefaultMavenResourcesFiltering - Copying 1 resource from src\main\resources to target\classes
2025-12-08 11:18:29,551 [Worker-24: Building] INFO  o.a.m.s.f.DefaultMavenResourcesFiltering - skip non existing resourceDirectory C:\Projects\WagheraAgro\src\test\resources
2025-12-08 11:18:29,552 [Worker-24: Building] WARN  o.apache.maven.project.MavenProject - Direct modification of compileSourceRoots through clear() is deprecated and will not work in Maven 4.0.0. Please use the add/remove methods instead. If you're using a plugin that causes this warning, please upgrade to the latest version and report an issue if the warning persists. To disable these warnings, set -Dmaven.project.sourceRoots.warningsDisabled=true on the command line, in the .mvn/maven.config file, or in project POM properties.
2025-12-08 11:18:29,553 [Worker-24: Building] WARN  o.apache.maven.project.MavenProject - Direct modification of compileSourceRoots through add() is deprecated and will not work in Maven 4.0.0. Please use the add/remove methods instead. If you're using a plugin that causes this warning, please upgrade to the latest version and report an issue if the warning persists. To disable these warnings, set -Dmaven.project.sourceRoots.warningsDisabled=true on the command line, in the .mvn/maven.config file, or in project POM properties.
2025-12-08 11:18:29,554 [Worker-24: Building] WARN  o.apache.maven.project.MavenProject - Direct modification of testCompileSourceRoots through clear() is deprecated and will not work in Maven 4.0.0. Please use the add/remove methods instead. If you're using a plugin that causes this warning, please upgrade to the latest version and report an issue if the warning persists. To disable these warnings, set -Dmaven.project.sourceRoots.warningsDisabled=true on the command line, in the .mvn/maven.config file, or in project POM properties.
2025-12-08 11:18:29,555 [Worker-24: Building] WARN  o.apache.maven.project.MavenProject - Direct modification of testCompileSourceRoots through add() is deprecated and will not work in Maven 4.0.0. Please use the add/remove methods instead. If you're using a plugin that causes this warning, please upgrade to the latest version and report an issue if the warning persists. To disable these warnings, set -Dmaven.project.sourceRoots.warningsDisabled=true on the command line, in the .mvn/maven.config file, or in project POM properties.
2025-12-08 11:19:00,163 [Worker-20: Building] INFO  o.a.m.s.f.DefaultMavenResourcesFiltering - Copying 1 resource from src\main\resources to target\classes
2025-12-08 11:19:00,176 [Worker-20: Building] INFO  o.a.m.s.f.DefaultMavenResourcesFiltering - Copying 1 resource from src\main\resources to target\classes
2025-12-08 11:19:00,181 [Worker-20: Building] INFO  o.a.m.s.f.DefaultMavenResourcesFiltering - skip non existing resourceDirectory C:\Projects\WagheraAgro\src\test\resources
2025-12-08 11:19:00,181 [Worker-20: Building] WARN  o.apache.maven.project.MavenProject - Direct modification of compileSourceRoots through clear() is deprecated and will not work in Maven 4.0.0. Please use the add/remove methods instead. If you're using a plugin that causes this warning, please upgrade to the latest version and report an issue if the warning persists. To disable these warnings, set -Dmaven.project.sourceRoots.warningsDisabled=true on the command line, in the .mvn/maven.config file, or in project POM properties.
2025-12-08 11:19:00,182 [Worker-20: Building] WARN  o.apache.maven.project.MavenProject - Direct modification of compileSourceRoots through add() is deprecated and will not work in Maven 4.0.0. Please use the add/remove methods instead. If you're using a plugin that causes this warning, please upgrade to the latest version and report an issue if the warning persists. To disable these warnings, set -Dmaven.project.sourceRoots.warningsDisabled=true on the command line, in the .mvn/maven.config file, or in project POM properties.
2025-12-08 11:19:00,183 [Worker-20: Building] WARN  o.apache.maven.project.MavenProject - Direct modification of testCompileSourceRoots through clear() is deprecated and will not work in Maven 4.0.0. Please use the add/remove methods instead. If you're using a plugin that causes this warning, please upgrade to the latest version and report an issue if the warning persists. To disable these warnings, set -Dmaven.project.sourceRoots.warningsDisabled=true on the command line, in the .mvn/maven.config file, or in project POM properties.
2025-12-08 11:19:00,184 [Worker-20: Building] WARN  o.apache.maven.project.MavenProject - Direct modification of testCompileSourceRoots through add() is deprecated and will not work in Maven 4.0.0. Please use the add/remove methods instead. If you're using a plugin that causes this warning, please upgrade to the latest version and report an issue if the warning persists. To disable these warnings, set -Dmaven.project.sourceRoots.warningsDisabled=true on the command line, in the .mvn/maven.config file, or in project POM properties.
2025-12-08 11:19:34,298 [Worker-25: Building] INFO  o.a.m.s.f.DefaultMavenResourcesFiltering - Copying 1 resource from src\main\resources to target\classes
2025-12-08 11:19:34,311 [Worker-25: Building] INFO  o.a.m.s.f.DefaultMavenResourcesFiltering - Copying 1 resource from src\main\resources to target\classes
2025-12-08 11:19:34,317 [Worker-25: Building] INFO  o.a.m.s.f.DefaultMavenResourcesFiltering - skip non existing resourceDirectory C:\Projects\WagheraAgro\src\test\resources
2025-12-08 11:19:34,317 [Worker-25: Building] WARN  o.apache.maven.project.MavenProject - Direct modification of compileSourceRoots through clear() is deprecated and will not work in Maven 4.0.0. Please use the add/remove methods instead. If you're using a plugin that causes this warning, please upgrade to the latest version and report an issue if the warning persists. To disable these warnings, set -Dmaven.project.sourceRoots.warningsDisabled=true on the command line, in the .mvn/maven.config file, or in project POM properties.
2025-12-08 11:19:34,319 [Worker-25: Building] WARN  o.apache.maven.project.MavenProject - Direct modification of compileSourceRoots through add() is deprecated and will not work in Maven 4.0.0. Please use the add/remove methods instead. If you're using a plugin that causes this warning, please upgrade to the latest version and report an issue if the warning persists. To disable these warnings, set -Dmaven.project.sourceRoots.warningsDisabled=true on the command line, in the .mvn/maven.config file, or in project POM properties.
2025-12-08 11:19:34,320 [Worker-25: Building] WARN  o.apache.maven.project.MavenProject - Direct modification of testCompileSourceRoots through clear() is deprecated and will not work in Maven 4.0.0. Please use the add/remove methods instead. If you're using a plugin that causes this warning, please upgrade to the latest version and report an issue if the warning persists. To disable these warnings, set -Dmaven.project.sourceRoots.warningsDisabled=true on the command line, in the .mvn/maven.config file, or in project POM properties.
2025-12-08 11:19:34,321 [Worker-25: Building] WARN  o.apache.maven.project.MavenProject - Direct modification of testCompileSourceRoots through add() is deprecated and will not work in Maven 4.0.0. Please use the add/remove methods instead. If you're using a plugin that causes this warning, please upgrade to the latest version and report an issue if the warning persists. To disable these warnings, set -Dmaven.project.sourceRoots.warningsDisabled=true on the command line, in the .mvn/maven.config file, or in project POM properties.
2025-12-08 11:19:52,257 [Worker-14: Building] INFO  o.a.m.s.f.DefaultMavenResourcesFiltering - Copying 1 resource from src\main\resources to target\classes
2025-12-08 11:19:52,269 [Worker-14: Building] INFO  o.a.m.s.f.DefaultMavenResourcesFiltering - Copying 1 resource from src\main\resources to target\classes
2025-12-08 11:19:52,274 [Worker-14: Building] INFO  o.a.m.s.f.DefaultMavenResourcesFiltering - skip non existing resourceDirectory C:\Projects\WagheraAgro\src\test\resources
2025-12-08 11:19:52,275 [Worker-14: Building] WARN  o.apache.maven.project.MavenProject - Direct modification of compileSourceRoots through clear() is deprecated and will not work in Maven 4.0.0. Please use the add/remove methods instead. If you're using a plugin that causes this warning, please upgrade to the latest version and report an issue if the warning persists. To disable these warnings, set -Dmaven.project.sourceRoots.warningsDisabled=true on the command line, in the .mvn/maven.config file, or in project POM properties.
2025-12-08 11:19:52,276 [Worker-14: Building] WARN  o.apache.maven.project.MavenProject - Direct modification of compileSourceRoots through add() is deprecated and will not work in Maven 4.0.0. Please use the add/remove methods instead. If you're using a plugin that causes this warning, please upgrade to the latest version and report an issue if the warning persists. To disable these warnings, set -Dmaven.project.sourceRoots.warningsDisabled=true on the command line, in the .mvn/maven.config file, or in project POM properties.
2025-12-08 11:19:52,278 [Worker-14: Building] WARN  o.apache.maven.project.MavenProject - Direct modification of testCompileSourceRoots through clear() is deprecated and will not work in Maven 4.0.0. Please use the add/remove methods instead. If you're using a plugin that causes this warning, please upgrade to the latest version and report an issue if the warning persists. To disable these warnings, set -Dmaven.project.sourceRoots.warningsDisabled=true on the command line, in the .mvn/maven.config file, or in project POM properties.
2025-12-08 11:19:52,279 [Worker-14: Building] WARN  o.apache.maven.project.MavenProject - Direct modification of testCompileSourceRoots through add() is deprecated and will not work in Maven 4.0.0. Please use the add/remove methods instead. If you're using a plugin that causes this warning, please upgrade to the latest version and report an issue if the warning persists. To disable these warnings, set -Dmaven.project.sourceRoots.warningsDisabled=true on the command line, in the .mvn/maven.config file, or in project POM properties.
2025-12-08 11:19:59,223 [Worker-9: Building] INFO  o.a.m.s.f.DefaultMavenResourcesFiltering - Copying 1 resource from src\main\resources to target\classes
2025-12-08 11:19:59,238 [Worker-9: Building] INFO  o.a.m.s.f.DefaultMavenResourcesFiltering - Copying 1 resource from src\main\resources to target\classes
2025-12-08 11:19:59,246 [Worker-9: Building] INFO  o.a.m.s.f.DefaultMavenResourcesFiltering - skip non existing resourceDirectory C:\Projects\WagheraAgro\src\test\resources
2025-12-08 11:19:59,247 [Worker-9: Building] WARN  o.apache.maven.project.MavenProject - Direct modification of compileSourceRoots through clear() is deprecated and will not work in Maven 4.0.0. Please use the add/remove methods instead. If you're using a plugin that causes this warning, please upgrade to the latest version and report an issue if the warning persists. To disable these warnings, set -Dmaven.project.sourceRoots.warningsDisabled=true on the command line, in the .mvn/maven.config file, or in project POM properties.
2025-12-08 11:19:59,248 [Worker-9: Building] WARN  o.apache.maven.project.MavenProject - Direct modification of compileSourceRoots through add() is deprecated and will not work in Maven 4.0.0. Please use the add/remove methods instead. If you're using a plugin that causes this warning, please upgrade to the latest version and report an issue if the warning persists. To disable these warnings, set -Dmaven.project.sourceRoots.warningsDisabled=true on the command line, in the .mvn/maven.config file, or in project POM properties.
2025-12-08 11:19:59,249 [Worker-9: Building] WARN  o.apache.maven.project.MavenProject - Direct modification of testCompileSourceRoots through clear() is deprecated and will not work in Maven 4.0.0. Please use the add/remove methods instead. If you're using a plugin that causes this warning, please upgrade to the latest version and report an issue if the warning persists. To disable these warnings, set -Dmaven.project.sourceRoots.warningsDisabled=true on the command line, in the .mvn/maven.config file, or in project POM properties.
2025-12-08 11:19:59,250 [Worker-9: Building] WARN  o.apache.maven.project.MavenProject - Direct modification of testCompileSourceRoots through add() is deprecated and will not work in Maven 4.0.0. Please use the add/remove methods instead. If you're using a plugin that causes this warning, please upgrade to the latest version and report an issue if the warning persists. To disable these warnings, set -Dmaven.project.sourceRoots.warningsDisabled=true on the command line, in the .mvn/maven.config file, or in project POM properties.
2025-12-08 11:20:01,735 [Worker-17: Building] INFO  o.a.m.s.f.DefaultMavenResourcesFiltering - Copying 1 resource from src\main\resources to target\classes
2025-12-08 11:20:01,750 [Worker-17: Building] INFO  o.a.m.s.f.DefaultMavenResourcesFiltering - Copying 1 resource from src\main\resources to target\classes
2025-12-08 11:20:01,756 [Worker-17: Building] INFO  o.a.m.s.f.DefaultMavenResourcesFiltering - skip non existing resourceDirectory C:\Projects\WagheraAgro\src\test\resources
2025-12-08 11:20:01,756 [Worker-17: Building] WARN  o.apache.maven.project.MavenProject - Direct modification of compileSourceRoots through clear() is deprecated and will not work in Maven 4.0.0. Please use the add/remove methods instead. If you're using a plugin that causes this warning, please upgrade to the latest version and report an issue if the warning persists. To disable these warnings, set -Dmaven.project.sourceRoots.warningsDisabled=true on the command line, in the .mvn/maven.config file, or in project POM properties.
2025-12-08 11:20:01,758 [Worker-17: Building] WARN  o.apache.maven.project.MavenProject - Direct modification of compileSourceRoots through add() is deprecated and will not work in Maven 4.0.0. Please use the add/remove methods instead. If you're using a plugin that causes this warning, please upgrade to the latest version and report an issue if the warning persists. To disable these warnings, set -Dmaven.project.sourceRoots.warningsDisabled=true on the command line, in the .mvn/maven.config file, or in project POM properties.
2025-12-08 11:20:01,760 [Worker-17: Building] WARN  o.apache.maven.project.MavenProject - Direct modification of testCompileSourceRoots through clear() is deprecated and will not work in Maven 4.0.0. Please use the add/remove methods instead. If you're using a plugin that causes this warning, please upgrade to the latest version and report an issue if the warning persists. To disable these warnings, set -Dmaven.project.sourceRoots.warningsDisabled=true on the command line, in the .mvn/maven.config file, or in project POM properties.
2025-12-08 11:20:01,762 [Worker-17: Building] WARN  o.apache.maven.project.MavenProject - Direct modification of testCompileSourceRoots through add() is deprecated and will not work in Maven 4.0.0. Please use the add/remove methods instead. If you're using a plugin that causes this warning, please upgrade to the latest version and report an issue if the warning persists. To disable these warnings, set -Dmaven.project.sourceRoots.warningsDisabled=true on the command line, in the .mvn/maven.config file, or in project POM properties.
2025-12-08 11:20:07,767 [Worker-23: Building] INFO  o.a.m.s.f.DefaultMavenResourcesFiltering - Copying 1 resource from src\main\resources to target\classes
2025-12-08 11:20:07,783 [Worker-23: Building] INFO  o.a.m.s.f.DefaultMavenResourcesFiltering - Copying 1 resource from src\main\resources to target\classes
2025-12-08 11:20:07,788 [Worker-23: Building] INFO  o.a.m.s.f.DefaultMavenResourcesFiltering - skip non existing resourceDirectory C:\Projects\WagheraAgro\src\test\resources
2025-12-08 11:20:07,789 [Worker-23: Building] WARN  o.apache.maven.project.MavenProject - Direct modification of compileSourceRoots through clear() is deprecated and will not work in Maven 4.0.0. Please use the add/remove methods instead. If you're using a plugin that causes this warning, please upgrade to the latest version and report an issue if the warning persists. To disable these warnings, set -Dmaven.project.sourceRoots.warningsDisabled=true on the command line, in the .mvn/maven.config file, or in project POM properties.
2025-12-08 11:20:07,791 [Worker-23: Building] WARN  o.apache.maven.project.MavenProject - Direct modification of compileSourceRoots through add() is deprecated and will not work in Maven 4.0.0. Please use the add/remove methods instead. If you're using a plugin that causes this warning, please upgrade to the latest version and report an issue if the warning persists. To disable these warnings, set -Dmaven.project.sourceRoots.warningsDisabled=true on the command line, in the .mvn/maven.config file, or in project POM properties.
2025-12-08 11:20:07,792 [Worker-23: Building] WARN  o.apache.maven.project.MavenProject - Direct modification of testCompileSourceRoots through clear() is deprecated and will not work in Maven 4.0.0. Please use the add/remove methods instead. If you're using a plugin that causes this warning, please upgrade to the latest version and report an issue if the warning persists. To disable these warnings, set -Dmaven.project.sourceRoots.warningsDisabled=true on the command line, in the .mvn/maven.config file, or in project POM properties.
2025-12-08 11:20:07,794 [Worker-23: Building] WARN  o.apache.maven.project.MavenProject - Direct modification of testCompileSourceRoots through add() is deprecated and will not work in Maven 4.0.0. Please use the add/remove methods instead. If you're using a plugin that causes this warning, please upgrade to the latest version and report an issue if the warning persists. To disable these warnings, set -Dmaven.project.sourceRoots.warningsDisabled=true on the command line, in the .mvn/maven.config file, or in project POM properties.
2025-12-08 11:20:43,301 [Worker-25: Building] INFO  o.a.m.s.f.DefaultMavenResourcesFiltering - Copying 1 resource from src\main\resources to target\classes
2025-12-08 11:20:43,318 [Worker-25: Building] INFO  o.a.m.s.f.DefaultMavenResourcesFiltering - Copying 1 resource from src\main\resources to target\classes
2025-12-08 11:20:43,328 [Worker-25: Building] INFO  o.a.m.s.f.DefaultMavenResourcesFiltering - skip non existing resourceDirectory C:\Projects\WagheraAgro\src\test\resources
2025-12-08 11:20:43,329 [Worker-25: Building] WARN  o.apache.maven.project.MavenProject - Direct modification of compileSourceRoots through clear() is deprecated and will not work in Maven 4.0.0. Please use the add/remove methods instead. If you're using a plugin that causes this warning, please upgrade to the latest version and report an issue if the warning persists. To disable these warnings, set -Dmaven.project.sourceRoots.warningsDisabled=true on the command line, in the .mvn/maven.config file, or in project POM properties.
2025-12-08 11:20:43,330 [Worker-25: Building] WARN  o.apache.maven.project.MavenProject - Direct modification of compileSourceRoots through add() is deprecated and will not work in Maven 4.0.0. Please use the add/remove methods instead. If you're using a plugin that causes this warning, please upgrade to the latest version and report an issue if the warning persists. To disable these warnings, set -Dmaven.project.sourceRoots.warningsDisabled=true on the command line, in the .mvn/maven.config file, or in project POM properties.
2025-12-08 11:20:43,332 [Worker-25: Building] WARN  o.apache.maven.project.MavenProject - Direct modification of testCompileSourceRoots through clear() is deprecated and will not work in Maven 4.0.0. Please use the add/remove methods instead. If you're using a plugin that causes this warning, please upgrade to the latest version and report an issue if the warning persists. To disable these warnings, set -Dmaven.project.sourceRoots.warningsDisabled=true on the command line, in the .mvn/maven.config file, or in project POM properties.
2025-12-08 11:20:43,333 [Worker-25: Building] WARN  o.apache.maven.project.MavenProject - Direct modification of testCompileSourceRoots through add() is deprecated and will not work in Maven 4.0.0. Please use the add/remove methods instead. If you're using a plugin that causes this warning, please upgrade to the latest version and report an issue if the warning persists. To disable these warnings, set -Dmaven.project.sourceRoots.warningsDisabled=true on the command line, in the .mvn/maven.config file, or in project POM properties.
2025-12-08 11:21:28,631 [Worker-19: Building] INFO  o.a.m.s.f.DefaultMavenResourcesFiltering - Copying 1 resource from src\main\resources to target\classes
2025-12-08 11:21:28,639 [Worker-19: Building] INFO  o.a.m.s.f.DefaultMavenResourcesFiltering - Copying 1 resource from src\main\resources to target\classes
2025-12-08 11:21:28,647 [Worker-19: Building] INFO  o.a.m.s.f.DefaultMavenResourcesFiltering - skip non existing resourceDirectory C:\Projects\WagheraAgro\src\test\resources
2025-12-08 11:21:28,647 [Worker-19: Building] WARN  o.apache.maven.project.MavenProject - Direct modification of compileSourceRoots through clear() is deprecated and will not work in Maven 4.0.0. Please use the add/remove methods instead. If you're using a plugin that causes this warning, please upgrade to the latest version and report an issue if the warning persists. To disable these warnings, set -Dmaven.project.sourceRoots.warningsDisabled=true on the command line, in the .mvn/maven.config file, or in project POM properties.
2025-12-08 11:21:28,649 [Worker-19: Building] WARN  o.apache.maven.project.MavenProject - Direct modification of compileSourceRoots through add() is deprecated and will not work in Maven 4.0.0. Please use the add/remove methods instead. If you're using a plugin that causes this warning, please upgrade to the latest version and report an issue if the warning persists. To disable these warnings, set -Dmaven.project.sourceRoots.warningsDisabled=true on the command line, in the .mvn/maven.config file, or in project POM properties.
2025-12-08 11:21:28,650 [Worker-19: Building] WARN  o.apache.maven.project.MavenProject - Direct modification of testCompileSourceRoots through clear() is deprecated and will not work in Maven 4.0.0. Please use the add/remove methods instead. If you're using a plugin that causes this warning, please upgrade to the latest version and report an issue if the warning persists. To disable these warnings, set -Dmaven.project.sourceRoots.warningsDisabled=true on the command line, in the .mvn/maven.config file, or in project POM properties.
2025-12-08 11:21:28,651 [Worker-19: Building] WARN  o.apache.maven.project.MavenProject - Direct modification of testCompileSourceRoots through add() is deprecated and will not work in Maven 4.0.0. Please use the add/remove methods instead. If you're using a plugin that causes this warning, please upgrade to the latest version and report an issue if the warning persists. To disable these warnings, set -Dmaven.project.sourceRoots.warningsDisabled=true on the command line, in the .mvn/maven.config file, or in project POM properties.
2025-12-08 11:21:37,363 [Worker-14: Building] INFO  o.a.m.s.f.DefaultMavenResourcesFiltering - Copying 1 resource from src\main\resources to target\classes
2025-12-08 11:21:37,376 [Worker-14: Building] INFO  o.a.m.s.f.DefaultMavenResourcesFiltering - Copying 1 resource from src\main\resources to target\classes
2025-12-08 11:21:37,383 [Worker-14: Building] INFO  o.a.m.s.f.DefaultMavenResourcesFiltering - skip non existing resourceDirectory C:\Projects\WagheraAgro\src\test\resources
2025-12-08 11:21:37,384 [Worker-14: Building] WARN  o.apache.maven.project.MavenProject - Direct modification of compileSourceRoots through clear() is deprecated and will not work in Maven 4.0.0. Please use the add/remove methods instead. If you're using a plugin that causes this warning, please upgrade to the latest version and report an issue if the warning persists. To disable these warnings, set -Dmaven.project.sourceRoots.warningsDisabled=true on the command line, in the .mvn/maven.config file, or in project POM properties.
2025-12-08 11:21:37,384 [Worker-14: Building] WARN  o.apache.maven.project.MavenProject - Direct modification of compileSourceRoots through add() is deprecated and will not work in Maven 4.0.0. Please use the add/remove methods instead. If you're using a plugin that causes this warning, please upgrade to the latest version and report an issue if the warning persists. To disable these warnings, set -Dmaven.project.sourceRoots.warningsDisabled=true on the command line, in the .mvn/maven.config file, or in project POM properties.
2025-12-08 11:21:37,385 [Worker-14: Building] WARN  o.apache.maven.project.MavenProject - Direct modification of testCompileSourceRoots through clear() is deprecated and will not work in Maven 4.0.0. Please use the add/remove methods instead. If you're using a plugin that causes this warning, please upgrade to the latest version and report an issue if the warning persists. To disable these warnings, set -Dmaven.project.sourceRoots.warningsDisabled=true on the command line, in the .mvn/maven.config file, or in project POM properties.
2025-12-08 11:21:37,386 [Worker-14: Building] WARN  o.apache.maven.project.MavenProject - Direct modification of testCompileSourceRoots through add() is deprecated and will not work in Maven 4.0.0. Please use the add/remove methods instead. If you're using a plugin that causes this warning, please upgrade to the latest version and report an issue if the warning persists. To disable these warnings, set -Dmaven.project.sourceRoots.warningsDisabled=true on the command line, in the .mvn/maven.config file, or in project POM properties.
2025-12-08 11:22:53,888 [Worker-19: Building] INFO  o.a.m.s.f.DefaultMavenResourcesFiltering - Copying 1 resource from src\main\resources to target\classes
2025-12-08 11:22:53,900 [Worker-19: Building] INFO  o.a.m.s.f.DefaultMavenResourcesFiltering - Copying 1 resource from src\main\resources to target\classes
2025-12-08 11:22:53,907 [Worker-19: Building] INFO  o.a.m.s.f.DefaultMavenResourcesFiltering - skip non existing resourceDirectory C:\Projects\WagheraAgro\src\test\resources
2025-12-08 11:22:53,908 [Worker-19: Building] WARN  o.apache.maven.project.MavenProject - Direct modification of compileSourceRoots through clear() is deprecated and will not work in Maven 4.0.0. Please use the add/remove methods instead. If you're using a plugin that causes this warning, please upgrade to the latest version and report an issue if the warning persists. To disable these warnings, set -Dmaven.project.sourceRoots.warningsDisabled=true on the command line, in the .mvn/maven.config file, or in project POM properties.
2025-12-08 11:22:53,909 [Worker-19: Building] WARN  o.apache.maven.project.MavenProject - Direct modification of compileSourceRoots through add() is deprecated and will not work in Maven 4.0.0. Please use the add/remove methods instead. If you're using a plugin that causes this warning, please upgrade to the latest version and report an issue if the warning persists. To disable these warnings, set -Dmaven.project.sourceRoots.warningsDisabled=true on the command line, in the .mvn/maven.config file, or in project POM properties.
2025-12-08 11:22:53,910 [Worker-19: Building] WARN  o.apache.maven.project.MavenProject - Direct modification of testCompileSourceRoots through clear() is deprecated and will not work in Maven 4.0.0. Please use the add/remove methods instead. If you're using a plugin that causes this warning, please upgrade to the latest version and report an issue if the warning persists. To disable these warnings, set -Dmaven.project.sourceRoots.warningsDisabled=true on the command line, in the .mvn/maven.config file, or in project POM properties.
2025-12-08 11:22:53,911 [Worker-19: Building] WARN  o.apache.maven.project.MavenProject - Direct modification of testCompileSourceRoots through add() is deprecated and will not work in Maven 4.0.0. Please use the add/remove methods instead. If you're using a plugin that causes this warning, please upgrade to the latest version and report an issue if the warning persists. To disable these warnings, set -Dmaven.project.sourceRoots.warningsDisabled=true on the command line, in the .mvn/maven.config file, or in project POM properties.
2025-12-08 11:23:32,329 [Worker-22: Building] INFO  o.a.m.s.f.DefaultMavenResourcesFiltering - Copying 1 resource from src\main\resources to target\classes
2025-12-08 11:23:32,340 [Worker-22: Building] INFO  o.a.m.s.f.DefaultMavenResourcesFiltering - Copying 1 resource from src\main\resources to target\classes
2025-12-08 11:23:32,348 [Worker-22: Building] INFO  o.a.m.s.f.DefaultMavenResourcesFiltering - skip non existing resourceDirectory C:\Projects\WagheraAgro\src\test\resources
2025-12-08 11:23:32,349 [Worker-22: Building] WARN  o.apache.maven.project.MavenProject - Direct modification of compileSourceRoots through clear() is deprecated and will not work in Maven 4.0.0. Please use the add/remove methods instead. If you're using a plugin that causes this warning, please upgrade to the latest version and report an issue if the warning persists. To disable these warnings, set -Dmaven.project.sourceRoots.warningsDisabled=true on the command line, in the .mvn/maven.config file, or in project POM properties.
2025-12-08 11:23:32,351 [Worker-22: Building] WARN  o.apache.maven.project.MavenProject - Direct modification of compileSourceRoots through add() is deprecated and will not work in Maven 4.0.0. Please use the add/remove methods instead. If you're using a plugin that causes this warning, please upgrade to the latest version and report an issue if the warning persists. To disable these warnings, set -Dmaven.project.sourceRoots.warningsDisabled=true on the command line, in the .mvn/maven.config file, or in project POM properties.
2025-12-08 11:23:32,352 [Worker-22: Building] WARN  o.apache.maven.project.MavenProject - Direct modification of testCompileSourceRoots through clear() is deprecated and will not work in Maven 4.0.0. Please use the add/remove methods instead. If you're using a plugin that causes this warning, please upgrade to the latest version and report an issue if the warning persists. To disable these warnings, set -Dmaven.project.sourceRoots.warningsDisabled=true on the command line, in the .mvn/maven.config file, or in project POM properties.
2025-12-08 11:23:32,353 [Worker-22: Building] WARN  o.apache.maven.project.MavenProject - Direct modification of testCompileSourceRoots through add() is deprecated and will not work in Maven 4.0.0. Please use the add/remove methods instead. If you're using a plugin that causes this warning, please upgrade to the latest version and report an issue if the warning persists. To disable these warnings, set -Dmaven.project.sourceRoots.warningsDisabled=true on the command line, in the .mvn/maven.config file, or in project POM properties.
2025-12-08 11:24:04,488 [Worker-24: Building] INFO  o.a.m.s.f.DefaultMavenResourcesFiltering - Copying 1 resource from src\main\resources to target\classes
2025-12-08 11:24:04,500 [Worker-24: Building] INFO  o.a.m.s.f.DefaultMavenResourcesFiltering - Copying 1 resource from src\main\resources to target\classes
2025-12-08 11:24:04,506 [Worker-24: Building] INFO  o.a.m.s.f.DefaultMavenResourcesFiltering - skip non existing resourceDirectory C:\Projects\WagheraAgro\src\test\resources
2025-12-08 11:24:04,506 [Worker-24: Building] WARN  o.apache.maven.project.MavenProject - Direct modification of compileSourceRoots through clear() is deprecated and will not work in Maven 4.0.0. Please use the add/remove methods instead. If you're using a plugin that causes this warning, please upgrade to the latest version and report an issue if the warning persists. To disable these warnings, set -Dmaven.project.sourceRoots.warningsDisabled=true on the command line, in the .mvn/maven.config file, or in project POM properties.
2025-12-08 11:24:04,508 [Worker-24: Building] WARN  o.apache.maven.project.MavenProject - Direct modification of compileSourceRoots through add() is deprecated and will not work in Maven 4.0.0. Please use the add/remove methods instead. If you're using a plugin that causes this warning, please upgrade to the latest version and report an issue if the warning persists. To disable these warnings, set -Dmaven.project.sourceRoots.warningsDisabled=true on the command line, in the .mvn/maven.config file, or in project POM properties.
2025-12-08 11:24:04,509 [Worker-24: Building] WARN  o.apache.maven.project.MavenProject - Direct modification of testCompileSourceRoots through clear() is deprecated and will not work in Maven 4.0.0. Please use the add/remove methods instead. If you're using a plugin that causes this warning, please upgrade to the latest version and report an issue if the warning persists. To disable these warnings, set -Dmaven.project.sourceRoots.warningsDisabled=true on the command line, in the .mvn/maven.config file, or in project POM properties.
2025-12-08 11:24:04,510 [Worker-24: Building] WARN  o.apache.maven.project.MavenProject - Direct modification of testCompileSourceRoots through add() is deprecated and will not work in Maven 4.0.0. Please use the add/remove methods instead. If you're using a plugin that causes this warning, please upgrade to the latest version and report an issue if the warning persists. To disable these warnings, set -Dmaven.project.sourceRoots.warningsDisabled=true on the command line, in the .mvn/maven.config file, or in project POM properties.
2025-12-08 11:27:07,796 [Worker-9: Building] INFO  o.a.m.s.f.DefaultMavenResourcesFiltering - Copying 1 resource from src\main\resources to target\classes
2025-12-08 11:27:07,808 [Worker-9: Building] INFO  o.a.m.s.f.DefaultMavenResourcesFiltering - Copying 1 resource from src\main\resources to target\classes
2025-12-08 11:27:07,814 [Worker-9: Building] INFO  o.a.m.s.f.DefaultMavenResourcesFiltering - skip non existing resourceDirectory C:\Projects\WagheraAgro\src\test\resources
2025-12-08 11:27:07,815 [Worker-9: Building] WARN  o.apache.maven.project.MavenProject - Direct modification of compileSourceRoots through clear() is deprecated and will not work in Maven 4.0.0. Please use the add/remove methods instead. If you're using a plugin that causes this warning, please upgrade to the latest version and report an issue if the warning persists. To disable these warnings, set -Dmaven.project.sourceRoots.warningsDisabled=true on the command line, in the .mvn/maven.config file, or in project POM properties.
2025-12-08 11:27:07,816 [Worker-9: Building] WARN  o.apache.maven.project.MavenProject - Direct modification of compileSourceRoots through add() is deprecated and will not work in Maven 4.0.0. Please use the add/remove methods instead. If you're using a plugin that causes this warning, please upgrade to the latest version and report an issue if the warning persists. To disable these warnings, set -Dmaven.project.sourceRoots.warningsDisabled=true on the command line, in the .mvn/maven.config file, or in project POM properties.
2025-12-08 11:27:07,818 [Worker-9: Building] WARN  o.apache.maven.project.MavenProject - Direct modification of testCompileSourceRoots through clear() is deprecated and will not work in Maven 4.0.0. Please use the add/remove methods instead. If you're using a plugin that causes this warning, please upgrade to the latest version and report an issue if the warning persists. To disable these warnings, set -Dmaven.project.sourceRoots.warningsDisabled=true on the command line, in the .mvn/maven.config file, or in project POM properties.
2025-12-08 11:27:07,818 [Worker-9: Building] WARN  o.apache.maven.project.MavenProject - Direct modification of testCompileSourceRoots through add() is deprecated and will not work in Maven 4.0.0. Please use the add/remove methods instead. If you're using a plugin that causes this warning, please upgrade to the latest version and report an issue if the warning persists. To disable these warnings, set -Dmaven.project.sourceRoots.warningsDisabled=true on the command line, in the .mvn/maven.config file, or in project POM properties.
2025-12-08 11:27:29,346 [Worker-19: Building] INFO  o.a.m.s.f.DefaultMavenResourcesFiltering - Copying 1 resource from src\main\resources to target\classes
2025-12-08 11:27:29,392 [Worker-19: Building] INFO  o.a.m.s.f.DefaultMavenResourcesFiltering - Copying 1 resource from src\main\resources to target\classes
2025-12-08 11:27:29,396 [Worker-19: Building] INFO  o.a.m.s.f.DefaultMavenResourcesFiltering - skip non existing resourceDirectory C:\Projects\WagheraAgro\src\test\resources
2025-12-08 11:27:29,397 [Worker-19: Building] WARN  o.apache.maven.project.MavenProject - Direct modification of compileSourceRoots through clear() is deprecated and will not work in Maven 4.0.0. Please use the add/remove methods instead. If you're using a plugin that causes this warning, please upgrade to the latest version and report an issue if the warning persists. To disable these warnings, set -Dmaven.project.sourceRoots.warningsDisabled=true on the command line, in the .mvn/maven.config file, or in project POM properties.
2025-12-08 11:27:29,398 [Worker-19: Building] WARN  o.apache.maven.project.MavenProject - Direct modification of compileSourceRoots through add() is deprecated and will not work in Maven 4.0.0. Please use the add/remove methods instead. If you're using a plugin that causes this warning, please upgrade to the latest version and report an issue if the warning persists. To disable these warnings, set -Dmaven.project.sourceRoots.warningsDisabled=true on the command line, in the .mvn/maven.config file, or in project POM properties.
2025-12-08 11:27:29,399 [Worker-19: Building] WARN  o.apache.maven.project.MavenProject - Direct modification of testCompileSourceRoots through clear() is deprecated and will not work in Maven 4.0.0. Please use the add/remove methods instead. If you're using a plugin that causes this warning, please upgrade to the latest version and report an issue if the warning persists. To disable these warnings, set -Dmaven.project.sourceRoots.warningsDisabled=true on the command line, in the .mvn/maven.config file, or in project POM properties.
2025-12-08 11:27:29,400 [Worker-19: Building] WARN  o.apache.maven.project.MavenProject - Direct modification of testCompileSourceRoots through add() is deprecated and will not work in Maven 4.0.0. Please use the add/remove methods instead. If you're using a plugin that causes this warning, please upgrade to the latest version and report an issue if the warning persists. To disable these warnings, set -Dmaven.project.sourceRoots.warningsDisabled=true on the command line, in the .mvn/maven.config file, or in project POM properties.
2025-12-08 11:28:00,112 [Worker-22: Building] INFO  o.a.m.s.f.DefaultMavenResourcesFiltering - Copying 1 resource from src\main\resources to target\classes
2025-12-08 11:28:00,126 [Worker-22: Building] INFO  o.a.m.s.f.DefaultMavenResourcesFiltering - Copying 1 resource from src\main\resources to target\classes
2025-12-08 11:28:00,131 [Worker-22: Building] INFO  o.a.m.s.f.DefaultMavenResourcesFiltering - skip non existing resourceDirectory C:\Projects\WagheraAgro\src\test\resources
2025-12-08 11:28:00,131 [Worker-22: Building] WARN  o.apache.maven.project.MavenProject - Direct modification of compileSourceRoots through clear() is deprecated and will not work in Maven 4.0.0. Please use the add/remove methods instead. If you're using a plugin that causes this warning, please upgrade to the latest version and report an issue if the warning persists. To disable these warnings, set -Dmaven.project.sourceRoots.warningsDisabled=true on the command line, in the .mvn/maven.config file, or in project POM properties.
2025-12-08 11:28:00,133 [Worker-22: Building] WARN  o.apache.maven.project.MavenProject - Direct modification of compileSourceRoots through add() is deprecated and will not work in Maven 4.0.0. Please use the add/remove methods instead. If you're using a plugin that causes this warning, please upgrade to the latest version and report an issue if the warning persists. To disable these warnings, set -Dmaven.project.sourceRoots.warningsDisabled=true on the command line, in the .mvn/maven.config file, or in project POM properties.
2025-12-08 11:28:00,134 [Worker-22: Building] WARN  o.apache.maven.project.MavenProject - Direct modification of testCompileSourceRoots through clear() is deprecated and will not work in Maven 4.0.0. Please use the add/remove methods instead. If you're using a plugin that causes this warning, please upgrade to the latest version and report an issue if the warning persists. To disable these warnings, set -Dmaven.project.sourceRoots.warningsDisabled=true on the command line, in the .mvn/maven.config file, or in project POM properties.
2025-12-08 11:28:00,135 [Worker-22: Building] WARN  o.apache.maven.project.MavenProject - Direct modification of testCompileSourceRoots through add() is deprecated and will not work in Maven 4.0.0. Please use the add/remove methods instead. If you're using a plugin that causes this warning, please upgrade to the latest version and report an issue if the warning persists. To disable these warnings, set -Dmaven.project.sourceRoots.warningsDisabled=true on the command line, in the .mvn/maven.config file, or in project POM properties.
2025-12-08 11:28:12,504 [Worker-23: Building] INFO  o.a.m.s.f.DefaultMavenResourcesFiltering - Copying 1 resource from src\main\resources to target\classes
2025-12-08 11:28:12,514 [Worker-23: Building] INFO  o.a.m.s.f.DefaultMavenResourcesFiltering - Copying 1 resource from src\main\resources to target\classes
2025-12-08 11:28:12,521 [Worker-23: Building] INFO  o.a.m.s.f.DefaultMavenResourcesFiltering - skip non existing resourceDirectory C:\Projects\WagheraAgro\src\test\resources
2025-12-08 11:28:12,522 [Worker-23: Building] WARN  o.apache.maven.project.MavenProject - Direct modification of compileSourceRoots through clear() is deprecated and will not work in Maven 4.0.0. Please use the add/remove methods instead. If you're using a plugin that causes this warning, please upgrade to the latest version and report an issue if the warning persists. To disable these warnings, set -Dmaven.project.sourceRoots.warningsDisabled=true on the command line, in the .mvn/maven.config file, or in project POM properties.
2025-12-08 11:28:12,523 [Worker-23: Building] WARN  o.apache.maven.project.MavenProject - Direct modification of compileSourceRoots through add() is deprecated and will not work in Maven 4.0.0. Please use the add/remove methods instead. If you're using a plugin that causes this warning, please upgrade to the latest version and report an issue if the warning persists. To disable these warnings, set -Dmaven.project.sourceRoots.warningsDisabled=true on the command line, in the .mvn/maven.config file, or in project POM properties.
2025-12-08 11:28:12,523 [Worker-23: Building] WARN  o.apache.maven.project.MavenProject - Direct modification of testCompileSourceRoots through clear() is deprecated and will not work in Maven 4.0.0. Please use the add/remove methods instead. If you're using a plugin that causes this warning, please upgrade to the latest version and report an issue if the warning persists. To disable these warnings, set -Dmaven.project.sourceRoots.warningsDisabled=true on the command line, in the .mvn/maven.config file, or in project POM properties.
2025-12-08 11:28:12,524 [Worker-23: Building] WARN  o.apache.maven.project.MavenProject - Direct modification of testCompileSourceRoots through add() is deprecated and will not work in Maven 4.0.0. Please use the add/remove methods instead. If you're using a plugin that causes this warning, please upgrade to the latest version and report an issue if the warning persists. To disable these warnings, set -Dmaven.project.sourceRoots.warningsDisabled=true on the command line, in the .mvn/maven.config file, or in project POM properties.
2025-12-08 11:28:57,038 [Worker-19: Building] INFO  o.a.m.s.f.DefaultMavenResourcesFiltering - Copying 1 resource from src\main\resources to target\classes
2025-12-08 11:28:57,054 [Worker-19: Building] INFO  o.a.m.s.f.DefaultMavenResourcesFiltering - Copying 1 resource from src\main\resources to target\classes
2025-12-08 11:28:57,061 [Worker-19: Building] INFO  o.a.m.s.f.DefaultMavenResourcesFiltering - skip non existing resourceDirectory C:\Projects\WagheraAgro\src\test\resources
2025-12-08 11:28:57,062 [Worker-19: Building] WARN  o.apache.maven.project.MavenProject - Direct modification of compileSourceRoots through clear() is deprecated and will not work in Maven 4.0.0. Please use the add/remove methods instead. If you're using a plugin that causes this warning, please upgrade to the latest version and report an issue if the warning persists. To disable these warnings, set -Dmaven.project.sourceRoots.warningsDisabled=true on the command line, in the .mvn/maven.config file, or in project POM properties.
2025-12-08 11:28:57,064 [Worker-19: Building] WARN  o.apache.maven.project.MavenProject - Direct modification of compileSourceRoots through add() is deprecated and will not work in Maven 4.0.0. Please use the add/remove methods instead. If you're using a plugin that causes this warning, please upgrade to the latest version and report an issue if the warning persists. To disable these warnings, set -Dmaven.project.sourceRoots.warningsDisabled=true on the command line, in the .mvn/maven.config file, or in project POM properties.
2025-12-08 11:28:57,065 [Worker-19: Building] WARN  o.apache.maven.project.MavenProject - Direct modification of testCompileSourceRoots through clear() is deprecated and will not work in Maven 4.0.0. Please use the add/remove methods instead. If you're using a plugin that causes this warning, please upgrade to the latest version and report an issue if the warning persists. To disable these warnings, set -Dmaven.project.sourceRoots.warningsDisabled=true on the command line, in the .mvn/maven.config file, or in project POM properties.
2025-12-08 11:28:57,067 [Worker-19: Building] WARN  o.apache.maven.project.MavenProject - Direct modification of testCompileSourceRoots through add() is deprecated and will not work in Maven 4.0.0. Please use the add/remove methods instead. If you're using a plugin that causes this warning, please upgrade to the latest version and report an issue if the warning persists. To disable these warnings, set -Dmaven.project.sourceRoots.warningsDisabled=true on the command line, in the .mvn/maven.config file, or in project POM properties.
2025-12-08 11:29:58,398 [Worker-25: Building] INFO  o.a.m.s.f.DefaultMavenResourcesFiltering - Copying 1 resource from src\main\resources to target\classes
2025-12-08 11:29:58,412 [Worker-25: Building] INFO  o.a.m.s.f.DefaultMavenResourcesFiltering - Copying 1 resource from src\main\resources to target\classes
2025-12-08 11:29:58,416 [Worker-25: Building] INFO  o.a.m.s.f.DefaultMavenResourcesFiltering - skip non existing resourceDirectory C:\Projects\WagheraAgro\src\test\resources
2025-12-08 11:29:58,417 [Worker-25: Building] WARN  o.apache.maven.project.MavenProject - Direct modification of compileSourceRoots through clear() is deprecated and will not work in Maven 4.0.0. Please use the add/remove methods instead. If you're using a plugin that causes this warning, please upgrade to the latest version and report an issue if the warning persists. To disable these warnings, set -Dmaven.project.sourceRoots.warningsDisabled=true on the command line, in the .mvn/maven.config file, or in project POM properties.
2025-12-08 11:29:58,419 [Worker-25: Building] WARN  o.apache.maven.project.MavenProject - Direct modification of compileSourceRoots through add() is deprecated and will not work in Maven 4.0.0. Please use the add/remove methods instead. If you're using a plugin that causes this warning, please upgrade to the latest version and report an issue if the warning persists. To disable these warnings, set -Dmaven.project.sourceRoots.warningsDisabled=true on the command line, in the .mvn/maven.config file, or in project POM properties.
2025-12-08 11:29:58,420 [Worker-25: Building] WARN  o.apache.maven.project.MavenProject - Direct modification of testCompileSourceRoots through clear() is deprecated and will not work in Maven 4.0.0. Please use the add/remove methods instead. If you're using a plugin that causes this warning, please upgrade to the latest version and report an issue if the warning persists. To disable these warnings, set -Dmaven.project.sourceRoots.warningsDisabled=true on the command line, in the .mvn/maven.config file, or in project POM properties.
2025-12-08 11:29:58,421 [Worker-25: Building] WARN  o.apache.maven.project.MavenProject - Direct modification of testCompileSourceRoots through add() is deprecated and will not work in Maven 4.0.0. Please use the add/remove methods instead. If you're using a plugin that causes this warning, please upgrade to the latest version and report an issue if the warning persists. To disable these warnings, set -Dmaven.project.sourceRoots.warningsDisabled=true on the command line, in the .mvn/maven.config file, or in project POM properties.
2025-12-08 11:30:06,607 [Worker-23: Building] INFO  o.a.m.s.f.DefaultMavenResourcesFiltering - Copying 1 resource from src\main\resources to target\classes
2025-12-08 11:30:06,621 [Worker-23: Building] INFO  o.a.m.s.f.DefaultMavenResourcesFiltering - Copying 1 resource from src\main\resources to target\classes
2025-12-08 11:30:06,627 [Worker-23: Building] INFO  o.a.m.s.f.DefaultMavenResourcesFiltering - skip non existing resourceDirectory C:\Projects\WagheraAgro\src\test\resources
2025-12-08 11:30:06,627 [Worker-23: Building] WARN  o.apache.maven.project.MavenProject - Direct modification of compileSourceRoots through clear() is deprecated and will not work in Maven 4.0.0. Please use the add/remove methods instead. If you're using a plugin that causes this warning, please upgrade to the latest version and report an issue if the warning persists. To disable these warnings, set -Dmaven.project.sourceRoots.warningsDisabled=true on the command line, in the .mvn/maven.config file, or in project POM properties.
2025-12-08 11:30:06,627 [Worker-23: Building] WARN  o.apache.maven.project.MavenProject - Direct modification of compileSourceRoots through add() is deprecated and will not work in Maven 4.0.0. Please use the add/remove methods instead. If you're using a plugin that causes this warning, please upgrade to the latest version and report an issue if the warning persists. To disable these warnings, set -Dmaven.project.sourceRoots.warningsDisabled=true on the command line, in the .mvn/maven.config file, or in project POM properties.
2025-12-08 11:30:06,629 [Worker-23: Building] WARN  o.apache.maven.project.MavenProject - Direct modification of testCompileSourceRoots through clear() is deprecated and will not work in Maven 4.0.0. Please use the add/remove methods instead. If you're using a plugin that causes this warning, please upgrade to the latest version and report an issue if the warning persists. To disable these warnings, set -Dmaven.project.sourceRoots.warningsDisabled=true on the command line, in the .mvn/maven.config file, or in project POM properties.
2025-12-08 11:30:06,630 [Worker-23: Building] WARN  o.apache.maven.project.MavenProject - Direct modification of testCompileSourceRoots through add() is deprecated and will not work in Maven 4.0.0. Please use the add/remove methods instead. If you're using a plugin that causes this warning, please upgrade to the latest version and report an issue if the warning persists. To disable these warnings, set -Dmaven.project.sourceRoots.warningsDisabled=true on the command line, in the .mvn/maven.config file, or in project POM properties.
2025-12-08 11:30:17,181 [Worker-14: Building] INFO  o.a.m.s.f.DefaultMavenResourcesFiltering - Copying 1 resource from src\main\resources to target\classes
2025-12-08 11:30:17,195 [Worker-14: Building] INFO  o.a.m.s.f.DefaultMavenResourcesFiltering - Copying 1 resource from src\main\resources to target\classes
2025-12-08 11:30:17,202 [Worker-14: Building] INFO  o.a.m.s.f.DefaultMavenResourcesFiltering - skip non existing resourceDirectory C:\Projects\WagheraAgro\src\test\resources
2025-12-08 11:30:17,203 [Worker-14: Building] WARN  o.apache.maven.project.MavenProject - Direct modification of compileSourceRoots through clear() is deprecated and will not work in Maven 4.0.0. Please use the add/remove methods instead. If you're using a plugin that causes this warning, please upgrade to the latest version and report an issue if the warning persists. To disable these warnings, set -Dmaven.project.sourceRoots.warningsDisabled=true on the command line, in the .mvn/maven.config file, or in project POM properties.
2025-12-08 11:30:17,204 [Worker-14: Building] WARN  o.apache.maven.project.MavenProject - Direct modification of compileSourceRoots through add() is deprecated and will not work in Maven 4.0.0. Please use the add/remove methods instead. If you're using a plugin that causes this warning, please upgrade to the latest version and report an issue if the warning persists. To disable these warnings, set -Dmaven.project.sourceRoots.warningsDisabled=true on the command line, in the .mvn/maven.config file, or in project POM properties.
2025-12-08 11:30:17,205 [Worker-14: Building] WARN  o.apache.maven.project.MavenProject - Direct modification of testCompileSourceRoots through clear() is deprecated and will not work in Maven 4.0.0. Please use the add/remove methods instead. If you're using a plugin that causes this warning, please upgrade to the latest version and report an issue if the warning persists. To disable these warnings, set -Dmaven.project.sourceRoots.warningsDisabled=true on the command line, in the .mvn/maven.config file, or in project POM properties.
2025-12-08 11:30:17,207 [Worker-14: Building] WARN  o.apache.maven.project.MavenProject - Direct modification of testCompileSourceRoots through add() is deprecated and will not work in Maven 4.0.0. Please use the add/remove methods instead. If you're using a plugin that causes this warning, please upgrade to the latest version and report an issue if the warning persists. To disable these warnings, set -Dmaven.project.sourceRoots.warningsDisabled=true on the command line, in the .mvn/maven.config file, or in project POM properties.
2025-12-08 11:30:54,291 [Worker-17: Building] INFO  o.a.m.s.f.DefaultMavenResourcesFiltering - Copying 1 resource from src\main\resources to target\classes
2025-12-08 11:30:54,303 [Worker-17: Building] INFO  o.a.m.s.f.DefaultMavenResourcesFiltering - Copying 1 resource from src\main\resources to target\classes
2025-12-08 11:30:54,307 [Worker-17: Building] INFO  o.a.m.s.f.DefaultMavenResourcesFiltering - skip non existing resourceDirectory C:\Projects\WagheraAgro\src\test\resources
2025-12-08 11:30:54,308 [Worker-17: Building] WARN  o.apache.maven.project.MavenProject - Direct modification of compileSourceRoots through clear() is deprecated and will not work in Maven 4.0.0. Please use the add/remove methods instead. If you're using a plugin that causes this warning, please upgrade to the latest version and report an issue if the warning persists. To disable these warnings, set -Dmaven.project.sourceRoots.warningsDisabled=true on the command line, in the .mvn/maven.config file, or in project POM properties.
2025-12-08 11:30:54,309 [Worker-17: Building] WARN  o.apache.maven.project.MavenProject - Direct modification of compileSourceRoots through add() is deprecated and will not work in Maven 4.0.0. Please use the add/remove methods instead. If you're using a plugin that causes this warning, please upgrade to the latest version and report an issue if the warning persists. To disable these warnings, set -Dmaven.project.sourceRoots.warningsDisabled=true on the command line, in the .mvn/maven.config file, or in project POM properties.
2025-12-08 11:30:54,309 [Worker-17: Building] WARN  o.apache.maven.project.MavenProject - Direct modification of testCompileSourceRoots through clear() is deprecated and will not work in Maven 4.0.0. Please use the add/remove methods instead. If you're using a plugin that causes this warning, please upgrade to the latest version and report an issue if the warning persists. To disable these warnings, set -Dmaven.project.sourceRoots.warningsDisabled=true on the command line, in the .mvn/maven.config file, or in project POM properties.
2025-12-08 11:30:54,310 [Worker-17: Building] WARN  o.apache.maven.project.MavenProject - Direct modification of testCompileSourceRoots through add() is deprecated and will not work in Maven 4.0.0. Please use the add/remove methods instead. If you're using a plugin that causes this warning, please upgrade to the latest version and report an issue if the warning persists. To disable these warnings, set -Dmaven.project.sourceRoots.warningsDisabled=true on the command line, in the .mvn/maven.config file, or in project POM properties.
2025-12-08 11:31:36,770 [Worker-26: Building] INFO  o.a.m.s.f.DefaultMavenResourcesFiltering - Copying 1 resource from src\main\resources to target\classes
2025-12-08 11:31:36,781 [Worker-26: Building] INFO  o.a.m.s.f.DefaultMavenResourcesFiltering - Copying 1 resource from src\main\resources to target\classes
2025-12-08 11:31:36,787 [Worker-26: Building] INFO  o.a.m.s.f.DefaultMavenResourcesFiltering - skip non existing resourceDirectory C:\Projects\WagheraAgro\src\test\resources
2025-12-08 11:31:36,787 [Worker-26: Building] WARN  o.apache.maven.project.MavenProject - Direct modification of compileSourceRoots through clear() is deprecated and will not work in Maven 4.0.0. Please use the add/remove methods instead. If you're using a plugin that causes this warning, please upgrade to the latest version and report an issue if the warning persists. To disable these warnings, set -Dmaven.project.sourceRoots.warningsDisabled=true on the command line, in the .mvn/maven.config file, or in project POM properties.
2025-12-08 11:31:36,788 [Worker-26: Building] WARN  o.apache.maven.project.MavenProject - Direct modification of compileSourceRoots through add() is deprecated and will not work in Maven 4.0.0. Please use the add/remove methods instead. If you're using a plugin that causes this warning, please upgrade to the latest version and report an issue if the warning persists. To disable these warnings, set -Dmaven.project.sourceRoots.warningsDisabled=true on the command line, in the .mvn/maven.config file, or in project POM properties.
2025-12-08 11:31:36,788 [Worker-26: Building] WARN  o.apache.maven.project.MavenProject - Direct modification of testCompileSourceRoots through clear() is deprecated and will not work in Maven 4.0.0. Please use the add/remove methods instead. If you're using a plugin that causes this warning, please upgrade to the latest version and report an issue if the warning persists. To disable these warnings, set -Dmaven.project.sourceRoots.warningsDisabled=true on the command line, in the .mvn/maven.config file, or in project POM properties.
2025-12-08 11:31:36,790 [Worker-26: Building] WARN  o.apache.maven.project.MavenProject - Direct modification of testCompileSourceRoots through add() is deprecated and will not work in Maven 4.0.0. Please use the add/remove methods instead. If you're using a plugin that causes this warning, please upgrade to the latest version and report an issue if the warning persists. To disable these warnings, set -Dmaven.project.sourceRoots.warningsDisabled=true on the command line, in the .mvn/maven.config file, or in project POM properties.
2025-12-08 11:34:25,715 [Worker-24: Building] INFO  o.a.m.s.f.DefaultMavenResourcesFiltering - Copying 1 resource from src\main\resources to target\classes
2025-12-08 11:34:25,729 [Worker-24: Building] INFO  o.a.m.s.f.DefaultMavenResourcesFiltering - Copying 1 resource from src\main\resources to target\classes
2025-12-08 11:34:25,734 [Worker-24: Building] INFO  o.a.m.s.f.DefaultMavenResourcesFiltering - skip non existing resourceDirectory C:\Projects\WagheraAgro\src\test\resources
2025-12-08 11:34:25,735 [Worker-24: Building] WARN  o.apache.maven.project.MavenProject - Direct modification of compileSourceRoots through clear() is deprecated and will not work in Maven 4.0.0. Please use the add/remove methods instead. If you're using a plugin that causes this warning, please upgrade to the latest version and report an issue if the warning persists. To disable these warnings, set -Dmaven.project.sourceRoots.warningsDisabled=true on the command line, in the .mvn/maven.config file, or in project POM properties.
2025-12-08 11:34:25,737 [Worker-24: Building] WARN  o.apache.maven.project.MavenProject - Direct modification of compileSourceRoots through add() is deprecated and will not work in Maven 4.0.0. Please use the add/remove methods instead. If you're using a plugin that causes this warning, please upgrade to the latest version and report an issue if the warning persists. To disable these warnings, set -Dmaven.project.sourceRoots.warningsDisabled=true on the command line, in the .mvn/maven.config file, or in project POM properties.
2025-12-08 11:34:25,738 [Worker-24: Building] WARN  o.apache.maven.project.MavenProject - Direct modification of testCompileSourceRoots through clear() is deprecated and will not work in Maven 4.0.0. Please use the add/remove methods instead. If you're using a plugin that causes this warning, please upgrade to the latest version and report an issue if the warning persists. To disable these warnings, set -Dmaven.project.sourceRoots.warningsDisabled=true on the command line, in the .mvn/maven.config file, or in project POM properties.
2025-12-08 11:34:25,739 [Worker-24: Building] WARN  o.apache.maven.project.MavenProject - Direct modification of testCompileSourceRoots through add() is deprecated and will not work in Maven 4.0.0. Please use the add/remove methods instead. If you're using a plugin that causes this warning, please upgrade to the latest version and report an issue if the warning persists. To disable these warnings, set -Dmaven.project.sourceRoots.warningsDisabled=true on the command line, in the .mvn/maven.config file, or in project POM properties.
2025-12-08 11:34:47,646 [Worker-25: Building] INFO  o.a.m.s.f.DefaultMavenResourcesFiltering - Copying 1 resource from src\main\resources to target\classes
2025-12-08 11:34:47,662 [Worker-25: Building] INFO  o.a.m.s.f.DefaultMavenResourcesFiltering - Copying 1 resource from src\main\resources to target\classes
2025-12-08 11:34:47,671 [Worker-25: Building] INFO  o.a.m.s.f.DefaultMavenResourcesFiltering - skip non existing resourceDirectory C:\Projects\WagheraAgro\src\test\resources
2025-12-08 11:34:47,673 [Worker-25: Building] WARN  o.apache.maven.project.MavenProject - Direct modification of compileSourceRoots through clear() is deprecated and will not work in Maven 4.0.0. Please use the add/remove methods instead. If you're using a plugin that causes this warning, please upgrade to the latest version and report an issue if the warning persists. To disable these warnings, set -Dmaven.project.sourceRoots.warningsDisabled=true on the command line, in the .mvn/maven.config file, or in project POM properties.
2025-12-08 11:34:47,675 [Worker-25: Building] WARN  o.apache.maven.project.MavenProject - Direct modification of compileSourceRoots through add() is deprecated and will not work in Maven 4.0.0. Please use the add/remove methods instead. If you're using a plugin that causes this warning, please upgrade to the latest version and report an issue if the warning persists. To disable these warnings, set -Dmaven.project.sourceRoots.warningsDisabled=true on the command line, in the .mvn/maven.config file, or in project POM properties.
2025-12-08 11:34:47,676 [Worker-25: Building] WARN  o.apache.maven.project.MavenProject - Direct modification of testCompileSourceRoots through clear() is deprecated and will not work in Maven 4.0.0. Please use the add/remove methods instead. If you're using a plugin that causes this warning, please upgrade to the latest version and report an issue if the warning persists. To disable these warnings, set -Dmaven.project.sourceRoots.warningsDisabled=true on the command line, in the .mvn/maven.config file, or in project POM properties.
2025-12-08 11:34:47,677 [Worker-25: Building] WARN  o.apache.maven.project.MavenProject - Direct modification of testCompileSourceRoots through add() is deprecated and will not work in Maven 4.0.0. Please use the add/remove methods instead. If you're using a plugin that causes this warning, please upgrade to the latest version and report an issue if the warning persists. To disable these warnings, set -Dmaven.project.sourceRoots.warningsDisabled=true on the command line, in the .mvn/maven.config file, or in project POM properties.
2025-12-08 11:34:52,348 [Worker-24: Building] INFO  o.a.m.s.f.DefaultMavenResourcesFiltering - Copying 1 resource from src\main\resources to target\classes
2025-12-08 11:34:52,363 [Worker-24: Building] INFO  o.a.m.s.f.DefaultMavenResourcesFiltering - Copying 1 resource from src\main\resources to target\classes
2025-12-08 11:34:52,368 [Worker-24: Building] INFO  o.a.m.s.f.DefaultMavenResourcesFiltering - skip non existing resourceDirectory C:\Projects\WagheraAgro\src\test\resources
2025-12-08 11:34:52,368 [Worker-24: Building] WARN  o.apache.maven.project.MavenProject - Direct modification of compileSourceRoots through clear() is deprecated and will not work in Maven 4.0.0. Please use the add/remove methods instead. If you're using a plugin that causes this warning, please upgrade to the latest version and report an issue if the warning persists. To disable these warnings, set -Dmaven.project.sourceRoots.warningsDisabled=true on the command line, in the .mvn/maven.config file, or in project POM properties.
2025-12-08 11:34:52,369 [Worker-24: Building] WARN  o.apache.maven.project.MavenProject - Direct modification of compileSourceRoots through add() is deprecated and will not work in Maven 4.0.0. Please use the add/remove methods instead. If you're using a plugin that causes this warning, please upgrade to the latest version and report an issue if the warning persists. To disable these warnings, set -Dmaven.project.sourceRoots.warningsDisabled=true on the command line, in the .mvn/maven.config file, or in project POM properties.
2025-12-08 11:34:52,370 [Worker-24: Building] WARN  o.apache.maven.project.MavenProject - Direct modification of testCompileSourceRoots through clear() is deprecated and will not work in Maven 4.0.0. Please use the add/remove methods instead. If you're using a plugin that causes this warning, please upgrade to the latest version and report an issue if the warning persists. To disable these warnings, set -Dmaven.project.sourceRoots.warningsDisabled=true on the command line, in the .mvn/maven.config file, or in project POM properties.
2025-12-08 11:34:52,372 [Worker-24: Building] WARN  o.apache.maven.project.MavenProject - Direct modification of testCompileSourceRoots through add() is deprecated and will not work in Maven 4.0.0. Please use the add/remove methods instead. If you're using a plugin that causes this warning, please upgrade to the latest version and report an issue if the warning persists. To disable these warnings, set -Dmaven.project.sourceRoots.warningsDisabled=true on the command line, in the .mvn/maven.config file, or in project POM properties.
2025-12-08 11:34:55,215 [Worker-9: Building] INFO  o.a.m.s.f.DefaultMavenResourcesFiltering - Copying 1 resource from src\main\resources to target\classes
2025-12-08 11:34:55,241 [Worker-9: Building] INFO  o.a.m.s.f.DefaultMavenResourcesFiltering - Copying 1 resource from src\main\resources to target\classes
2025-12-08 11:34:55,247 [Worker-9: Building] INFO  o.a.m.s.f.DefaultMavenResourcesFiltering - skip non existing resourceDirectory C:\Projects\WagheraAgro\src\test\resources
2025-12-08 11:34:55,247 [Worker-9: Building] WARN  o.apache.maven.project.MavenProject - Direct modification of compileSourceRoots through clear() is deprecated and will not work in Maven 4.0.0. Please use the add/remove methods instead. If you're using a plugin that causes this warning, please upgrade to the latest version and report an issue if the warning persists. To disable these warnings, set -Dmaven.project.sourceRoots.warningsDisabled=true on the command line, in the .mvn/maven.config file, or in project POM properties.
2025-12-08 11:34:55,248 [Worker-9: Building] WARN  o.apache.maven.project.MavenProject - Direct modification of compileSourceRoots through add() is deprecated and will not work in Maven 4.0.0. Please use the add/remove methods instead. If you're using a plugin that causes this warning, please upgrade to the latest version and report an issue if the warning persists. To disable these warnings, set -Dmaven.project.sourceRoots.warningsDisabled=true on the command line, in the .mvn/maven.config file, or in project POM properties.
2025-12-08 11:34:55,249 [Worker-9: Building] WARN  o.apache.maven.project.MavenProject - Direct modification of testCompileSourceRoots through clear() is deprecated and will not work in Maven 4.0.0. Please use the add/remove methods instead. If you're using a plugin that causes this warning, please upgrade to the latest version and report an issue if the warning persists. To disable these warnings, set -Dmaven.project.sourceRoots.warningsDisabled=true on the command line, in the .mvn/maven.config file, or in project POM properties.
2025-12-08 11:34:55,249 [Worker-9: Building] WARN  o.apache.maven.project.MavenProject - Direct modification of testCompileSourceRoots through add() is deprecated and will not work in Maven 4.0.0. Please use the add/remove methods instead. If you're using a plugin that causes this warning, please upgrade to the latest version and report an issue if the warning persists. To disable these warnings, set -Dmaven.project.sourceRoots.warningsDisabled=true on the command line, in the .mvn/maven.config file, or in project POM properties.
2025-12-08 11:34:57,574 [Worker-14: Building] INFO  o.a.m.s.f.DefaultMavenResourcesFiltering - Copying 1 resource from src\main\resources to target\classes
2025-12-08 11:34:57,582 [Worker-14: Building] INFO  o.a.m.s.f.DefaultMavenResourcesFiltering - Copying 1 resource from src\main\resources to target\classes
2025-12-08 11:34:57,587 [Worker-14: Building] INFO  o.a.m.s.f.DefaultMavenResourcesFiltering - skip non existing resourceDirectory C:\Projects\WagheraAgro\src\test\resources
2025-12-08 11:34:57,588 [Worker-14: Building] WARN  o.apache.maven.project.MavenProject - Direct modification of compileSourceRoots through clear() is deprecated and will not work in Maven 4.0.0. Please use the add/remove methods instead. If you're using a plugin that causes this warning, please upgrade to the latest version and report an issue if the warning persists. To disable these warnings, set -Dmaven.project.sourceRoots.warningsDisabled=true on the command line, in the .mvn/maven.config file, or in project POM properties.
2025-12-08 11:34:57,589 [Worker-14: Building] WARN  o.apache.maven.project.MavenProject - Direct modification of compileSourceRoots through add() is deprecated and will not work in Maven 4.0.0. Please use the add/remove methods instead. If you're using a plugin that causes this warning, please upgrade to the latest version and report an issue if the warning persists. To disable these warnings, set -Dmaven.project.sourceRoots.warningsDisabled=true on the command line, in the .mvn/maven.config file, or in project POM properties.
2025-12-08 11:34:57,590 [Worker-14: Building] WARN  o.apache.maven.project.MavenProject - Direct modification of testCompileSourceRoots through clear() is deprecated and will not work in Maven 4.0.0. Please use the add/remove methods instead. If you're using a plugin that causes this warning, please upgrade to the latest version and report an issue if the warning persists. To disable these warnings, set -Dmaven.project.sourceRoots.warningsDisabled=true on the command line, in the .mvn/maven.config file, or in project POM properties.
2025-12-08 11:34:57,591 [Worker-14: Building] WARN  o.apache.maven.project.MavenProject - Direct modification of testCompileSourceRoots through add() is deprecated and will not work in Maven 4.0.0. Please use the add/remove methods instead. If you're using a plugin that causes this warning, please upgrade to the latest version and report an issue if the warning persists. To disable these warnings, set -Dmaven.project.sourceRoots.warningsDisabled=true on the command line, in the .mvn/maven.config file, or in project POM properties.
2025-12-08 11:35:16,729 [Worker-14: Building] INFO  o.a.m.s.f.DefaultMavenResourcesFiltering - Copying 1 resource from src\main\resources to target\classes
2025-12-08 11:35:16,742 [Worker-14: Building] INFO  o.a.m.s.f.DefaultMavenResourcesFiltering - Copying 1 resource from src\main\resources to target\classes
2025-12-08 11:35:16,747 [Worker-14: Building] INFO  o.a.m.s.f.DefaultMavenResourcesFiltering - skip non existing resourceDirectory C:\Projects\WagheraAgro\src\test\resources
2025-12-08 11:35:16,747 [Worker-14: Building] WARN  o.apache.maven.project.MavenProject - Direct modification of compileSourceRoots through clear() is deprecated and will not work in Maven 4.0.0. Please use the add/remove methods instead. If you're using a plugin that causes this warning, please upgrade to the latest version and report an issue if the warning persists. To disable these warnings, set -Dmaven.project.sourceRoots.warningsDisabled=true on the command line, in the .mvn/maven.config file, or in project POM properties.
2025-12-08 11:35:16,748 [Worker-14: Building] WARN  o.apache.maven.project.MavenProject - Direct modification of compileSourceRoots through add() is deprecated and will not work in Maven 4.0.0. Please use the add/remove methods instead. If you're using a plugin that causes this warning, please upgrade to the latest version and report an issue if the warning persists. To disable these warnings, set -Dmaven.project.sourceRoots.warningsDisabled=true on the command line, in the .mvn/maven.config file, or in project POM properties.
2025-12-08 11:35:16,749 [Worker-14: Building] WARN  o.apache.maven.project.MavenProject - Direct modification of testCompileSourceRoots through clear() is deprecated and will not work in Maven 4.0.0. Please use the add/remove methods instead. If you're using a plugin that causes this warning, please upgrade to the latest version and report an issue if the warning persists. To disable these warnings, set -Dmaven.project.sourceRoots.warningsDisabled=true on the command line, in the .mvn/maven.config file, or in project POM properties.
2025-12-08 11:35:16,750 [Worker-14: Building] WARN  o.apache.maven.project.MavenProject - Direct modification of testCompileSourceRoots through add() is deprecated and will not work in Maven 4.0.0. Please use the add/remove methods instead. If you're using a plugin that causes this warning, please upgrade to the latest version and report an issue if the warning persists. To disable these warnings, set -Dmaven.project.sourceRoots.warningsDisabled=true on the command line, in the .mvn/maven.config file, or in project POM properties.
2025-12-08 11:35:56,859 [Worker-19: Building] INFO  o.a.m.s.f.DefaultMavenResourcesFiltering - Copying 1 resource from src\main\resources to target\classes
2025-12-08 11:35:56,873 [Worker-19: Building] INFO  o.a.m.s.f.DefaultMavenResourcesFiltering - Copying 1 resource from src\main\resources to target\classes
2025-12-08 11:35:56,878 [Worker-19: Building] INFO  o.a.m.s.f.DefaultMavenResourcesFiltering - skip non existing resourceDirectory C:\Projects\WagheraAgro\src\test\resources
2025-12-08 11:35:56,879 [Worker-19: Building] WARN  o.apache.maven.project.MavenProject - Direct modification of compileSourceRoots through clear() is deprecated and will not work in Maven 4.0.0. Please use the add/remove methods instead. If you're using a plugin that causes this warning, please upgrade to the latest version and report an issue if the warning persists. To disable these warnings, set -Dmaven.project.sourceRoots.warningsDisabled=true on the command line, in the .mvn/maven.config file, or in project POM properties.
2025-12-08 11:35:56,880 [Worker-19: Building] WARN  o.apache.maven.project.MavenProject - Direct modification of compileSourceRoots through add() is deprecated and will not work in Maven 4.0.0. Please use the add/remove methods instead. If you're using a plugin that causes this warning, please upgrade to the latest version and report an issue if the warning persists. To disable these warnings, set -Dmaven.project.sourceRoots.warningsDisabled=true on the command line, in the .mvn/maven.config file, or in project POM properties.
2025-12-08 11:35:56,880 [Worker-19: Building] WARN  o.apache.maven.project.MavenProject - Direct modification of testCompileSourceRoots through clear() is deprecated and will not work in Maven 4.0.0. Please use the add/remove methods instead. If you're using a plugin that causes this warning, please upgrade to the latest version and report an issue if the warning persists. To disable these warnings, set -Dmaven.project.sourceRoots.warningsDisabled=true on the command line, in the .mvn/maven.config file, or in project POM properties.
2025-12-08 11:35:56,882 [Worker-19: Building] WARN  o.apache.maven.project.MavenProject - Direct modification of testCompileSourceRoots through add() is deprecated and will not work in Maven 4.0.0. Please use the add/remove methods instead. If you're using a plugin that causes this warning, please upgrade to the latest version and report an issue if the warning persists. To disable these warnings, set -Dmaven.project.sourceRoots.warningsDisabled=true on the command line, in the .mvn/maven.config file, or in project POM properties.
2025-12-08 11:36:06,090 [Worker-27: Building] INFO  o.a.m.s.f.DefaultMavenResourcesFiltering - Copying 1 resource from src\main\resources to target\classes
2025-12-08 11:36:06,103 [Worker-27: Building] INFO  o.a.m.s.f.DefaultMavenResourcesFiltering - Copying 1 resource from src\main\resources to target\classes
2025-12-08 11:36:06,109 [Worker-27: Building] INFO  o.a.m.s.f.DefaultMavenResourcesFiltering - skip non existing resourceDirectory C:\Projects\WagheraAgro\src\test\resources
2025-12-08 11:36:06,109 [Worker-27: Building] WARN  o.apache.maven.project.MavenProject - Direct modification of compileSourceRoots through clear() is deprecated and will not work in Maven 4.0.0. Please use the add/remove methods instead. If you're using a plugin that causes this warning, please upgrade to the latest version and report an issue if the warning persists. To disable these warnings, set -Dmaven.project.sourceRoots.warningsDisabled=true on the command line, in the .mvn/maven.config file, or in project POM properties.
2025-12-08 11:36:06,112 [Worker-27: Building] WARN  o.apache.maven.project.MavenProject - Direct modification of compileSourceRoots through add() is deprecated and will not work in Maven 4.0.0. Please use the add/remove methods instead. If you're using a plugin that causes this warning, please upgrade to the latest version and report an issue if the warning persists. To disable these warnings, set -Dmaven.project.sourceRoots.warningsDisabled=true on the command line, in the .mvn/maven.config file, or in project POM properties.
2025-12-08 11:36:06,112 [Worker-27: Building] WARN  o.apache.maven.project.MavenProject - Direct modification of testCompileSourceRoots through clear() is deprecated and will not work in Maven 4.0.0. Please use the add/remove methods instead. If you're using a plugin that causes this warning, please upgrade to the latest version and report an issue if the warning persists. To disable these warnings, set -Dmaven.project.sourceRoots.warningsDisabled=true on the command line, in the .mvn/maven.config file, or in project POM properties.
2025-12-08 11:36:06,113 [Worker-27: Building] WARN  o.apache.maven.project.MavenProject - Direct modification of testCompileSourceRoots through add() is deprecated and will not work in Maven 4.0.0. Please use the add/remove methods instead. If you're using a plugin that causes this warning, please upgrade to the latest version and report an issue if the warning persists. To disable these warnings, set -Dmaven.project.sourceRoots.warningsDisabled=true on the command line, in the .mvn/maven.config file, or in project POM properties.
2025-12-08 11:36:10,108 [Worker-22: Building] INFO  o.a.m.s.f.DefaultMavenResourcesFiltering - Copying 1 resource from src\main\resources to target\classes
2025-12-08 11:36:10,122 [Worker-22: Building] INFO  o.a.m.s.f.DefaultMavenResourcesFiltering - Copying 1 resource from src\main\resources to target\classes
2025-12-08 11:36:10,130 [Worker-22: Building] INFO  o.a.m.s.f.DefaultMavenResourcesFiltering - skip non existing resourceDirectory C:\Projects\WagheraAgro\src\test\resources
2025-12-08 11:36:10,131 [Worker-22: Building] WARN  o.apache.maven.project.MavenProject - Direct modification of compileSourceRoots through clear() is deprecated and will not work in Maven 4.0.0. Please use the add/remove methods instead. If you're using a plugin that causes this warning, please upgrade to the latest version and report an issue if the warning persists. To disable these warnings, set -Dmaven.project.sourceRoots.warningsDisabled=true on the command line, in the .mvn/maven.config file, or in project POM properties.
2025-12-08 11:36:10,132 [Worker-22: Building] WARN  o.apache.maven.project.MavenProject - Direct modification of compileSourceRoots through add() is deprecated and will not work in Maven 4.0.0. Please use the add/remove methods instead. If you're using a plugin that causes this warning, please upgrade to the latest version and report an issue if the warning persists. To disable these warnings, set -Dmaven.project.sourceRoots.warningsDisabled=true on the command line, in the .mvn/maven.config file, or in project POM properties.
2025-12-08 11:36:10,133 [Worker-22: Building] WARN  o.apache.maven.project.MavenProject - Direct modification of testCompileSourceRoots through clear() is deprecated and will not work in Maven 4.0.0. Please use the add/remove methods instead. If you're using a plugin that causes this warning, please upgrade to the latest version and report an issue if the warning persists. To disable these warnings, set -Dmaven.project.sourceRoots.warningsDisabled=true on the command line, in the .mvn/maven.config file, or in project POM properties.
2025-12-08 11:36:10,134 [Worker-22: Building] WARN  o.apache.maven.project.MavenProject - Direct modification of testCompileSourceRoots through add() is deprecated and will not work in Maven 4.0.0. Please use the add/remove methods instead. If you're using a plugin that causes this warning, please upgrade to the latest version and report an issue if the warning persists. To disable these warnings, set -Dmaven.project.sourceRoots.warningsDisabled=true on the command line, in the .mvn/maven.config file, or in project POM properties.
2025-12-08 11:36:14,437 [Worker-20: Building] INFO  o.a.m.s.f.DefaultMavenResourcesFiltering - Copying 1 resource from src\main\resources to target\classes
2025-12-08 11:36:14,450 [Worker-20: Building] INFO  o.a.m.s.f.DefaultMavenResourcesFiltering - Copying 1 resource from src\main\resources to target\classes
2025-12-08 11:36:14,456 [Worker-20: Building] INFO  o.a.m.s.f.DefaultMavenResourcesFiltering - skip non existing resourceDirectory C:\Projects\WagheraAgro\src\test\resources
2025-12-08 11:36:14,457 [Worker-20: Building] WARN  o.apache.maven.project.MavenProject - Direct modification of compileSourceRoots through clear() is deprecated and will not work in Maven 4.0.0. Please use the add/remove methods instead. If you're using a plugin that causes this warning, please upgrade to the latest version and report an issue if the warning persists. To disable these warnings, set -Dmaven.project.sourceRoots.warningsDisabled=true on the command line, in the .mvn/maven.config file, or in project POM properties.
2025-12-08 11:36:14,458 [Worker-20: Building] WARN  o.apache.maven.project.MavenProject - Direct modification of compileSourceRoots through add() is deprecated and will not work in Maven 4.0.0. Please use the add/remove methods instead. If you're using a plugin that causes this warning, please upgrade to the latest version and report an issue if the warning persists. To disable these warnings, set -Dmaven.project.sourceRoots.warningsDisabled=true on the command line, in the .mvn/maven.config file, or in project POM properties.
2025-12-08 11:36:14,460 [Worker-20: Building] WARN  o.apache.maven.project.MavenProject - Direct modification of testCompileSourceRoots through clear() is deprecated and will not work in Maven 4.0.0. Please use the add/remove methods instead. If you're using a plugin that causes this warning, please upgrade to the latest version and report an issue if the warning persists. To disable these warnings, set -Dmaven.project.sourceRoots.warningsDisabled=true on the command line, in the .mvn/maven.config file, or in project POM properties.
2025-12-08 11:36:14,460 [Worker-20: Building] WARN  o.apache.maven.project.MavenProject - Direct modification of testCompileSourceRoots through add() is deprecated and will not work in Maven 4.0.0. Please use the add/remove methods instead. If you're using a plugin that causes this warning, please upgrade to the latest version and report an issue if the warning persists. To disable these warnings, set -Dmaven.project.sourceRoots.warningsDisabled=true on the command line, in the .mvn/maven.config file, or in project POM properties.
2025-12-08 11:36:25,906 [Worker-9: Building] INFO  o.a.m.s.f.DefaultMavenResourcesFiltering - Copying 1 resource from src\main\resources to target\classes
2025-12-08 11:36:25,919 [Worker-9: Building] INFO  o.a.m.s.f.DefaultMavenResourcesFiltering - Copying 1 resource from src\main\resources to target\classes
2025-12-08 11:36:25,926 [Worker-9: Building] INFO  o.a.m.s.f.DefaultMavenResourcesFiltering - skip non existing resourceDirectory C:\Projects\WagheraAgro\src\test\resources
2025-12-08 11:36:25,927 [Worker-9: Building] WARN  o.apache.maven.project.MavenProject - Direct modification of compileSourceRoots through clear() is deprecated and will not work in Maven 4.0.0. Please use the add/remove methods instead. If you're using a plugin that causes this warning, please upgrade to the latest version and report an issue if the warning persists. To disable these warnings, set -Dmaven.project.sourceRoots.warningsDisabled=true on the command line, in the .mvn/maven.config file, or in project POM properties.
2025-12-08 11:36:25,929 [Worker-9: Building] WARN  o.apache.maven.project.MavenProject - Direct modification of compileSourceRoots through add() is deprecated and will not work in Maven 4.0.0. Please use the add/remove methods instead. If you're using a plugin that causes this warning, please upgrade to the latest version and report an issue if the warning persists. To disable these warnings, set -Dmaven.project.sourceRoots.warningsDisabled=true on the command line, in the .mvn/maven.config file, or in project POM properties.
2025-12-08 11:36:25,931 [Worker-9: Building] WARN  o.apache.maven.project.MavenProject - Direct modification of testCompileSourceRoots through clear() is deprecated and will not work in Maven 4.0.0. Please use the add/remove methods instead. If you're using a plugin that causes this warning, please upgrade to the latest version and report an issue if the warning persists. To disable these warnings, set -Dmaven.project.sourceRoots.warningsDisabled=true on the command line, in the .mvn/maven.config file, or in project POM properties.
2025-12-08 11:36:25,932 [Worker-9: Building] WARN  o.apache.maven.project.MavenProject - Direct modification of testCompileSourceRoots through add() is deprecated and will not work in Maven 4.0.0. Please use the add/remove methods instead. If you're using a plugin that causes this warning, please upgrade to the latest version and report an issue if the warning persists. To disable these warnings, set -Dmaven.project.sourceRoots.warningsDisabled=true on the command line, in the .mvn/maven.config file, or in project POM properties.
2025-12-08 11:36:30,242 [Worker-22: Building] INFO  o.a.m.s.f.DefaultMavenResourcesFiltering - Copying 1 resource from src\main\resources to target\classes
2025-12-08 11:36:30,251 [Worker-22: Building] INFO  o.a.m.s.f.DefaultMavenResourcesFiltering - Copying 1 resource from src\main\resources to target\classes
2025-12-08 11:36:30,256 [Worker-22: Building] INFO  o.a.m.s.f.DefaultMavenResourcesFiltering - skip non existing resourceDirectory C:\Projects\WagheraAgro\src\test\resources
2025-12-08 11:36:30,256 [Worker-22: Building] WARN  o.apache.maven.project.MavenProject - Direct modification of compileSourceRoots through clear() is deprecated and will not work in Maven 4.0.0. Please use the add/remove methods instead. If you're using a plugin that causes this warning, please upgrade to the latest version and report an issue if the warning persists. To disable these warnings, set -Dmaven.project.sourceRoots.warningsDisabled=true on the command line, in the .mvn/maven.config file, or in project POM properties.
2025-12-08 11:36:30,258 [Worker-22: Building] WARN  o.apache.maven.project.MavenProject - Direct modification of compileSourceRoots through add() is deprecated and will not work in Maven 4.0.0. Please use the add/remove methods instead. If you're using a plugin that causes this warning, please upgrade to the latest version and report an issue if the warning persists. To disable these warnings, set -Dmaven.project.sourceRoots.warningsDisabled=true on the command line, in the .mvn/maven.config file, or in project POM properties.
2025-12-08 11:36:30,259 [Worker-22: Building] WARN  o.apache.maven.project.MavenProject - Direct modification of testCompileSourceRoots through clear() is deprecated and will not work in Maven 4.0.0. Please use the add/remove methods instead. If you're using a plugin that causes this warning, please upgrade to the latest version and report an issue if the warning persists. To disable these warnings, set -Dmaven.project.sourceRoots.warningsDisabled=true on the command line, in the .mvn/maven.config file, or in project POM properties.
2025-12-08 11:36:30,259 [Worker-22: Building] WARN  o.apache.maven.project.MavenProject - Direct modification of testCompileSourceRoots through add() is deprecated and will not work in Maven 4.0.0. Please use the add/remove methods instead. If you're using a plugin that causes this warning, please upgrade to the latest version and report an issue if the warning persists. To disable these warnings, set -Dmaven.project.sourceRoots.warningsDisabled=true on the command line, in the .mvn/maven.config file, or in project POM properties.
2025-12-08 11:36:39,170 [Worker-28: Building] INFO  o.a.m.s.f.DefaultMavenResourcesFiltering - Copying 1 resource from src\main\resources to target\classes
2025-12-08 11:36:39,181 [Worker-28: Building] INFO  o.a.m.s.f.DefaultMavenResourcesFiltering - Copying 1 resource from src\main\resources to target\classes
2025-12-08 11:36:39,185 [Worker-28: Building] INFO  o.a.m.s.f.DefaultMavenResourcesFiltering - skip non existing resourceDirectory C:\Projects\WagheraAgro\src\test\resources
2025-12-08 11:36:39,186 [Worker-28: Building] WARN  o.apache.maven.project.MavenProject - Direct modification of compileSourceRoots through clear() is deprecated and will not work in Maven 4.0.0. Please use the add/remove methods instead. If you're using a plugin that causes this warning, please upgrade to the latest version and report an issue if the warning persists. To disable these warnings, set -Dmaven.project.sourceRoots.warningsDisabled=true on the command line, in the .mvn/maven.config file, or in project POM properties.
2025-12-08 11:36:39,187 [Worker-28: Building] WARN  o.apache.maven.project.MavenProject - Direct modification of compileSourceRoots through add() is deprecated and will not work in Maven 4.0.0. Please use the add/remove methods instead. If you're using a plugin that causes this warning, please upgrade to the latest version and report an issue if the warning persists. To disable these warnings, set -Dmaven.project.sourceRoots.warningsDisabled=true on the command line, in the .mvn/maven.config file, or in project POM properties.
2025-12-08 11:36:39,188 [Worker-28: Building] WARN  o.apache.maven.project.MavenProject - Direct modification of testCompileSourceRoots through clear() is deprecated and will not work in Maven 4.0.0. Please use the add/remove methods instead. If you're using a plugin that causes this warning, please upgrade to the latest version and report an issue if the warning persists. To disable these warnings, set -Dmaven.project.sourceRoots.warningsDisabled=true on the command line, in the .mvn/maven.config file, or in project POM properties.
2025-12-08 11:36:39,190 [Worker-28: Building] WARN  o.apache.maven.project.MavenProject - Direct modification of testCompileSourceRoots through add() is deprecated and will not work in Maven 4.0.0. Please use the add/remove methods instead. If you're using a plugin that causes this warning, please upgrade to the latest version and report an issue if the warning persists. To disable these warnings, set -Dmaven.project.sourceRoots.warningsDisabled=true on the command line, in the .mvn/maven.config file, or in project POM properties.
2025-12-08 11:36:56,016 [Worker-25: Building] INFO  o.a.m.s.f.DefaultMavenResourcesFiltering - Copying 1 resource from src\main\resources to target\classes
2025-12-08 11:36:56,028 [Worker-25: Building] INFO  o.a.m.s.f.DefaultMavenResourcesFiltering - Copying 1 resource from src\main\resources to target\classes
2025-12-08 11:36:56,034 [Worker-25: Building] INFO  o.a.m.s.f.DefaultMavenResourcesFiltering - skip non existing resourceDirectory C:\Projects\WagheraAgro\src\test\resources
2025-12-08 11:36:56,035 [Worker-25: Building] WARN  o.apache.maven.project.MavenProject - Direct modification of compileSourceRoots through clear() is deprecated and will not work in Maven 4.0.0. Please use the add/remove methods instead. If you're using a plugin that causes this warning, please upgrade to the latest version and report an issue if the warning persists. To disable these warnings, set -Dmaven.project.sourceRoots.warningsDisabled=true on the command line, in the .mvn/maven.config file, or in project POM properties.
2025-12-08 11:36:56,036 [Worker-25: Building] WARN  o.apache.maven.project.MavenProject - Direct modification of compileSourceRoots through add() is deprecated and will not work in Maven 4.0.0. Please use the add/remove methods instead. If you're using a plugin that causes this warning, please upgrade to the latest version and report an issue if the warning persists. To disable these warnings, set -Dmaven.project.sourceRoots.warningsDisabled=true on the command line, in the .mvn/maven.config file, or in project POM properties.
2025-12-08 11:36:56,037 [Worker-25: Building] WARN  o.apache.maven.project.MavenProject - Direct modification of testCompileSourceRoots through clear() is deprecated and will not work in Maven 4.0.0. Please use the add/remove methods instead. If you're using a plugin that causes this warning, please upgrade to the latest version and report an issue if the warning persists. To disable these warnings, set -Dmaven.project.sourceRoots.warningsDisabled=true on the command line, in the .mvn/maven.config file, or in project POM properties.
2025-12-08 11:36:56,038 [Worker-25: Building] WARN  o.apache.maven.project.MavenProject - Direct modification of testCompileSourceRoots through add() is deprecated and will not work in Maven 4.0.0. Please use the add/remove methods instead. If you're using a plugin that causes this warning, please upgrade to the latest version and report an issue if the warning persists. To disable these warnings, set -Dmaven.project.sourceRoots.warningsDisabled=true on the command line, in the .mvn/maven.config file, or in project POM properties.
2025-12-08 11:37:07,541 [Worker-17: Building] INFO  o.a.m.s.f.DefaultMavenResourcesFiltering - Copying 1 resource from src\main\resources to target\classes
2025-12-08 11:37:07,556 [Worker-17: Building] INFO  o.a.m.s.f.DefaultMavenResourcesFiltering - Copying 1 resource from src\main\resources to target\classes
2025-12-08 11:37:07,562 [Worker-17: Building] INFO  o.a.m.s.f.DefaultMavenResourcesFiltering - skip non existing resourceDirectory C:\Projects\WagheraAgro\src\test\resources
2025-12-08 11:37:07,562 [Worker-17: Building] WARN  o.apache.maven.project.MavenProject - Direct modification of compileSourceRoots through clear() is deprecated and will not work in Maven 4.0.0. Please use the add/remove methods instead. If you're using a plugin that causes this warning, please upgrade to the latest version and report an issue if the warning persists. To disable these warnings, set -Dmaven.project.sourceRoots.warningsDisabled=true on the command line, in the .mvn/maven.config file, or in project POM properties.
2025-12-08 11:37:07,563 [Worker-17: Building] WARN  o.apache.maven.project.MavenProject - Direct modification of compileSourceRoots through add() is deprecated and will not work in Maven 4.0.0. Please use the add/remove methods instead. If you're using a plugin that causes this warning, please upgrade to the latest version and report an issue if the warning persists. To disable these warnings, set -Dmaven.project.sourceRoots.warningsDisabled=true on the command line, in the .mvn/maven.config file, or in project POM properties.
2025-12-08 11:37:07,565 [Worker-17: Building] WARN  o.apache.maven.project.MavenProject - Direct modification of testCompileSourceRoots through clear() is deprecated and will not work in Maven 4.0.0. Please use the add/remove methods instead. If you're using a plugin that causes this warning, please upgrade to the latest version and report an issue if the warning persists. To disable these warnings, set -Dmaven.project.sourceRoots.warningsDisabled=true on the command line, in the .mvn/maven.config file, or in project POM properties.
2025-12-08 11:37:07,567 [Worker-17: Building] WARN  o.apache.maven.project.MavenProject - Direct modification of testCompileSourceRoots through add() is deprecated and will not work in Maven 4.0.0. Please use the add/remove methods instead. If you're using a plugin that causes this warning, please upgrade to the latest version and report an issue if the warning persists. To disable these warnings, set -Dmaven.project.sourceRoots.warningsDisabled=true on the command line, in the .mvn/maven.config file, or in project POM properties.
2025-12-08 11:37:10,022 [Worker-22: Building] INFO  o.a.m.s.f.DefaultMavenResourcesFiltering - Copying 1 resource from src\main\resources to target\classes
2025-12-08 11:37:10,038 [Worker-22: Building] INFO  o.a.m.s.f.DefaultMavenResourcesFiltering - Copying 1 resource from src\main\resources to target\classes
2025-12-08 11:37:10,045 [Worker-22: Building] INFO  o.a.m.s.f.DefaultMavenResourcesFiltering - skip non existing resourceDirectory C:\Projects\WagheraAgro\src\test\resources
2025-12-08 11:37:10,046 [Worker-22: Building] WARN  o.apache.maven.project.MavenProject - Direct modification of compileSourceRoots through clear() is deprecated and will not work in Maven 4.0.0. Please use the add/remove methods instead. If you're using a plugin that causes this warning, please upgrade to the latest version and report an issue if the warning persists. To disable these warnings, set -Dmaven.project.sourceRoots.warningsDisabled=true on the command line, in the .mvn/maven.config file, or in project POM properties.
2025-12-08 11:37:10,047 [Worker-22: Building] WARN  o.apache.maven.project.MavenProject - Direct modification of compileSourceRoots through add() is deprecated and will not work in Maven 4.0.0. Please use the add/remove methods instead. If you're using a plugin that causes this warning, please upgrade to the latest version and report an issue if the warning persists. To disable these warnings, set -Dmaven.project.sourceRoots.warningsDisabled=true on the command line, in the .mvn/maven.config file, or in project POM properties.
2025-12-08 11:37:10,048 [Worker-22: Building] WARN  o.apache.maven.project.MavenProject - Direct modification of testCompileSourceRoots through clear() is deprecated and will not work in Maven 4.0.0. Please use the add/remove methods instead. If you're using a plugin that causes this warning, please upgrade to the latest version and report an issue if the warning persists. To disable these warnings, set -Dmaven.project.sourceRoots.warningsDisabled=true on the command line, in the .mvn/maven.config file, or in project POM properties.
2025-12-08 11:37:10,049 [Worker-22: Building] WARN  o.apache.maven.project.MavenProject - Direct modification of testCompileSourceRoots through add() is deprecated and will not work in Maven 4.0.0. Please use the add/remove methods instead. If you're using a plugin that causes this warning, please upgrade to the latest version and report an issue if the warning persists. To disable these warnings, set -Dmaven.project.sourceRoots.warningsDisabled=true on the command line, in the .mvn/maven.config file, or in project POM properties.
2025-12-08 11:37:26,926 [Worker-20: Building] INFO  o.a.m.s.f.DefaultMavenResourcesFiltering - Copying 1 resource from src\main\resources to target\classes
2025-12-08 11:37:26,937 [Worker-20: Building] INFO  o.a.m.s.f.DefaultMavenResourcesFiltering - Copying 1 resource from src\main\resources to target\classes
2025-12-08 11:37:26,942 [Worker-20: Building] INFO  o.a.m.s.f.DefaultMavenResourcesFiltering - skip non existing resourceDirectory C:\Projects\WagheraAgro\src\test\resources
2025-12-08 11:37:26,943 [Worker-20: Building] WARN  o.apache.maven.project.MavenProject - Direct modification of compileSourceRoots through clear() is deprecated and will not work in Maven 4.0.0. Please use the add/remove methods instead. If you're using a plugin that causes this warning, please upgrade to the latest version and report an issue if the warning persists. To disable these warnings, set -Dmaven.project.sourceRoots.warningsDisabled=true on the command line, in the .mvn/maven.config file, or in project POM properties.
2025-12-08 11:37:26,944 [Worker-20: Building] WARN  o.apache.maven.project.MavenProject - Direct modification of compileSourceRoots through add() is deprecated and will not work in Maven 4.0.0. Please use the add/remove methods instead. If you're using a plugin that causes this warning, please upgrade to the latest version and report an issue if the warning persists. To disable these warnings, set -Dmaven.project.sourceRoots.warningsDisabled=true on the command line, in the .mvn/maven.config file, or in project POM properties.
2025-12-08 11:37:26,944 [Worker-20: Building] WARN  o.apache.maven.project.MavenProject - Direct modification of testCompileSourceRoots through clear() is deprecated and will not work in Maven 4.0.0. Please use the add/remove methods instead. If you're using a plugin that causes this warning, please upgrade to the latest version and report an issue if the warning persists. To disable these warnings, set -Dmaven.project.sourceRoots.warningsDisabled=true on the command line, in the .mvn/maven.config file, or in project POM properties.
2025-12-08 11:37:26,946 [Worker-20: Building] WARN  o.apache.maven.project.MavenProject - Direct modification of testCompileSourceRoots through add() is deprecated and will not work in Maven 4.0.0. Please use the add/remove methods instead. If you're using a plugin that causes this warning, please upgrade to the latest version and report an issue if the warning persists. To disable these warnings, set -Dmaven.project.sourceRoots.warningsDisabled=true on the command line, in the .mvn/maven.config file, or in project POM properties.
2025-12-08 11:37:37,718 [Worker-9: Building] INFO  o.a.m.s.f.DefaultMavenResourcesFiltering - Copying 1 resource from src\main\resources to target\classes
2025-12-08 11:37:37,728 [Worker-9: Building] INFO  o.a.m.s.f.DefaultMavenResourcesFiltering - Copying 1 resource from src\main\resources to target\classes
2025-12-08 11:37:37,732 [Worker-9: Building] INFO  o.a.m.s.f.DefaultMavenResourcesFiltering - skip non existing resourceDirectory C:\Projects\WagheraAgro\src\test\resources
2025-12-08 11:37:37,733 [Worker-9: Building] WARN  o.apache.maven.project.MavenProject - Direct modification of compileSourceRoots through clear() is deprecated and will not work in Maven 4.0.0. Please use the add/remove methods instead. If you're using a plugin that causes this warning, please upgrade to the latest version and report an issue if the warning persists. To disable these warnings, set -Dmaven.project.sourceRoots.warningsDisabled=true on the command line, in the .mvn/maven.config file, or in project POM properties.
2025-12-08 11:37:37,734 [Worker-9: Building] WARN  o.apache.maven.project.MavenProject - Direct modification of compileSourceRoots through add() is deprecated and will not work in Maven 4.0.0. Please use the add/remove methods instead. If you're using a plugin that causes this warning, please upgrade to the latest version and report an issue if the warning persists. To disable these warnings, set -Dmaven.project.sourceRoots.warningsDisabled=true on the command line, in the .mvn/maven.config file, or in project POM properties.
2025-12-08 11:37:37,734 [Worker-9: Building] WARN  o.apache.maven.project.MavenProject - Direct modification of testCompileSourceRoots through clear() is deprecated and will not work in Maven 4.0.0. Please use the add/remove methods instead. If you're using a plugin that causes this warning, please upgrade to the latest version and report an issue if the warning persists. To disable these warnings, set -Dmaven.project.sourceRoots.warningsDisabled=true on the command line, in the .mvn/maven.config file, or in project POM properties.
2025-12-08 11:37:37,735 [Worker-9: Building] WARN  o.apache.maven.project.MavenProject - Direct modification of testCompileSourceRoots through add() is deprecated and will not work in Maven 4.0.0. Please use the add/remove methods instead. If you're using a plugin that causes this warning, please upgrade to the latest version and report an issue if the warning persists. To disable these warnings, set -Dmaven.project.sourceRoots.warningsDisabled=true on the command line, in the .mvn/maven.config file, or in project POM properties.
2025-12-08 11:37:42,420 [Worker-22: Building] INFO  o.a.m.s.f.DefaultMavenResourcesFiltering - Copying 1 resource from src\main\resources to target\classes
2025-12-08 11:37:42,429 [Worker-22: Building] INFO  o.a.m.s.f.DefaultMavenResourcesFiltering - Copying 1 resource from src\main\resources to target\classes
2025-12-08 11:37:42,433 [Worker-22: Building] INFO  o.a.m.s.f.DefaultMavenResourcesFiltering - skip non existing resourceDirectory C:\Projects\WagheraAgro\src\test\resources
2025-12-08 11:37:42,434 [Worker-22: Building] WARN  o.apache.maven.project.MavenProject - Direct modification of compileSourceRoots through clear() is deprecated and will not work in Maven 4.0.0. Please use the add/remove methods instead. If you're using a plugin that causes this warning, please upgrade to the latest version and report an issue if the warning persists. To disable these warnings, set -Dmaven.project.sourceRoots.warningsDisabled=true on the command line, in the .mvn/maven.config file, or in project POM properties.
2025-12-08 11:37:42,434 [Worker-22: Building] WARN  o.apache.maven.project.MavenProject - Direct modification of compileSourceRoots through add() is deprecated and will not work in Maven 4.0.0. Please use the add/remove methods instead. If you're using a plugin that causes this warning, please upgrade to the latest version and report an issue if the warning persists. To disable these warnings, set -Dmaven.project.sourceRoots.warningsDisabled=true on the command line, in the .mvn/maven.config file, or in project POM properties.
2025-12-08 11:37:42,435 [Worker-22: Building] WARN  o.apache.maven.project.MavenProject - Direct modification of testCompileSourceRoots through clear() is deprecated and will not work in Maven 4.0.0. Please use the add/remove methods instead. If you're using a plugin that causes this warning, please upgrade to the latest version and report an issue if the warning persists. To disable these warnings, set -Dmaven.project.sourceRoots.warningsDisabled=true on the command line, in the .mvn/maven.config file, or in project POM properties.
2025-12-08 11:37:42,436 [Worker-22: Building] WARN  o.apache.maven.project.MavenProject - Direct modification of testCompileSourceRoots through add() is deprecated and will not work in Maven 4.0.0. Please use the add/remove methods instead. If you're using a plugin that causes this warning, please upgrade to the latest version and report an issue if the warning persists. To disable these warnings, set -Dmaven.project.sourceRoots.warningsDisabled=true on the command line, in the .mvn/maven.config file, or in project POM properties.
2025-12-08 11:37:58,208 [Worker-26: Building] INFO  o.a.m.s.f.DefaultMavenResourcesFiltering - Copying 1 resource from src\main\resources to target\classes
2025-12-08 11:37:58,224 [Worker-26: Building] INFO  o.a.m.s.f.DefaultMavenResourcesFiltering - Copying 1 resource from src\main\resources to target\classes
2025-12-08 11:37:58,237 [Worker-26: Building] INFO  o.a.m.s.f.DefaultMavenResourcesFiltering - skip non existing resourceDirectory C:\Projects\WagheraAgro\src\test\resources
2025-12-08 11:37:58,238 [Worker-26: Building] WARN  o.apache.maven.project.MavenProject - Direct modification of compileSourceRoots through clear() is deprecated and will not work in Maven 4.0.0. Please use the add/remove methods instead. If you're using a plugin that causes this warning, please upgrade to the latest version and report an issue if the warning persists. To disable these warnings, set -Dmaven.project.sourceRoots.warningsDisabled=true on the command line, in the .mvn/maven.config file, or in project POM properties.
2025-12-08 11:37:58,239 [Worker-26: Building] WARN  o.apache.maven.project.MavenProject - Direct modification of compileSourceRoots through add() is deprecated and will not work in Maven 4.0.0. Please use the add/remove methods instead. If you're using a plugin that causes this warning, please upgrade to the latest version and report an issue if the warning persists. To disable these warnings, set -Dmaven.project.sourceRoots.warningsDisabled=true on the command line, in the .mvn/maven.config file, or in project POM properties.
2025-12-08 11:37:58,240 [Worker-26: Building] WARN  o.apache.maven.project.MavenProject - Direct modification of testCompileSourceRoots through clear() is deprecated and will not work in Maven 4.0.0. Please use the add/remove methods instead. If you're using a plugin that causes this warning, please upgrade to the latest version and report an issue if the warning persists. To disable these warnings, set -Dmaven.project.sourceRoots.warningsDisabled=true on the command line, in the .mvn/maven.config file, or in project POM properties.
2025-12-08 11:37:58,243 [Worker-26: Building] WARN  o.apache.maven.project.MavenProject - Direct modification of testCompileSourceRoots through add() is deprecated and will not work in Maven 4.0.0. Please use the add/remove methods instead. If you're using a plugin that causes this warning, please upgrade to the latest version and report an issue if the warning persists. To disable these warnings, set -Dmaven.project.sourceRoots.warningsDisabled=true on the command line, in the .mvn/maven.config file, or in project POM properties.
2025-12-08 11:38:28,151 [Worker-29: Building] INFO  o.a.m.s.f.DefaultMavenResourcesFiltering - Copying 1 resource from src\main\resources to target\classes
2025-12-08 11:38:28,163 [Worker-29: Building] INFO  o.a.m.s.f.DefaultMavenResourcesFiltering - Copying 1 resource from src\main\resources to target\classes
2025-12-08 11:38:28,167 [Worker-29: Building] INFO  o.a.m.s.f.DefaultMavenResourcesFiltering - skip non existing resourceDirectory C:\Projects\WagheraAgro\src\test\resources
2025-12-08 11:38:28,168 [Worker-29: Building] WARN  o.apache.maven.project.MavenProject - Direct modification of compileSourceRoots through clear() is deprecated and will not work in Maven 4.0.0. Please use the add/remove methods instead. If you're using a plugin that causes this warning, please upgrade to the latest version and report an issue if the warning persists. To disable these warnings, set -Dmaven.project.sourceRoots.warningsDisabled=true on the command line, in the .mvn/maven.config file, or in project POM properties.
2025-12-08 11:38:28,169 [Worker-29: Building] WARN  o.apache.maven.project.MavenProject - Direct modification of compileSourceRoots through add() is deprecated and will not work in Maven 4.0.0. Please use the add/remove methods instead. If you're using a plugin that causes this warning, please upgrade to the latest version and report an issue if the warning persists. To disable these warnings, set -Dmaven.project.sourceRoots.warningsDisabled=true on the command line, in the .mvn/maven.config file, or in project POM properties.
2025-12-08 11:38:28,169 [Worker-29: Building] WARN  o.apache.maven.project.MavenProject - Direct modification of testCompileSourceRoots through clear() is deprecated and will not work in Maven 4.0.0. Please use the add/remove methods instead. If you're using a plugin that causes this warning, please upgrade to the latest version and report an issue if the warning persists. To disable these warnings, set -Dmaven.project.sourceRoots.warningsDisabled=true on the command line, in the .mvn/maven.config file, or in project POM properties.
2025-12-08 11:38:28,170 [Worker-29: Building] WARN  o.apache.maven.project.MavenProject - Direct modification of testCompileSourceRoots through add() is deprecated and will not work in Maven 4.0.0. Please use the add/remove methods instead. If you're using a plugin that causes this warning, please upgrade to the latest version and report an issue if the warning persists. To disable these warnings, set -Dmaven.project.sourceRoots.warningsDisabled=true on the command line, in the .mvn/maven.config file, or in project POM properties.
2025-12-08 11:40:25,485 [Worker-23: Building] INFO  o.a.m.s.f.DefaultMavenResourcesFiltering - Copying 1 resource from src\main\resources to target\classes
2025-12-08 11:40:25,501 [Worker-23: Building] INFO  o.a.m.s.f.DefaultMavenResourcesFiltering - Copying 1 resource from src\main\resources to target\classes
2025-12-08 11:40:25,508 [Worker-23: Building] INFO  o.a.m.s.f.DefaultMavenResourcesFiltering - skip non existing resourceDirectory C:\Projects\WagheraAgro\src\test\resources
2025-12-08 11:40:25,509 [Worker-23: Building] WARN  o.apache.maven.project.MavenProject - Direct modification of compileSourceRoots through clear() is deprecated and will not work in Maven 4.0.0. Please use the add/remove methods instead. If you're using a plugin that causes this warning, please upgrade to the latest version and report an issue if the warning persists. To disable these warnings, set -Dmaven.project.sourceRoots.warningsDisabled=true on the command line, in the .mvn/maven.config file, or in project POM properties.
2025-12-08 11:40:25,510 [Worker-23: Building] WARN  o.apache.maven.project.MavenProject - Direct modification of compileSourceRoots through add() is deprecated and will not work in Maven 4.0.0. Please use the add/remove methods instead. If you're using a plugin that causes this warning, please upgrade to the latest version and report an issue if the warning persists. To disable these warnings, set -Dmaven.project.sourceRoots.warningsDisabled=true on the command line, in the .mvn/maven.config file, or in project POM properties.
2025-12-08 11:40:25,512 [Worker-23: Building] WARN  o.apache.maven.project.MavenProject - Direct modification of testCompileSourceRoots through clear() is deprecated and will not work in Maven 4.0.0. Please use the add/remove methods instead. If you're using a plugin that causes this warning, please upgrade to the latest version and report an issue if the warning persists. To disable these warnings, set -Dmaven.project.sourceRoots.warningsDisabled=true on the command line, in the .mvn/maven.config file, or in project POM properties.
2025-12-08 11:40:25,512 [Worker-23: Building] WARN  o.apache.maven.project.MavenProject - Direct modification of testCompileSourceRoots through add() is deprecated and will not work in Maven 4.0.0. Please use the add/remove methods instead. If you're using a plugin that causes this warning, please upgrade to the latest version and report an issue if the warning persists. To disable these warnings, set -Dmaven.project.sourceRoots.warningsDisabled=true on the command line, in the .mvn/maven.config file, or in project POM properties.
